mode: set
github.com/opensearch-project/terraform-provider-opensearch/provider/aws_signer_v2.go:16.62,21.19 3 0
github.com/opensearch-project/terraform-provider-opensearch/provider/aws_signer_v2.go:21.19,23.3 1 0
github.com/opensearch-project/terraform-provider-opensearch/provider/aws_signer_v2.go:26.2,29.26 2 0
github.com/opensearch-project/terraform-provider-opensearch/provider/aws_signer_v2.go:29.26,31.3 1 0
github.com/opensearch-project/terraform-provider-opensearch/provider/aws_signer_v2.go:38.2,38.31 1 0
github.com/opensearch-project/terraform-provider-opensearch/provider/aws_signer_v2.go:38.31,46.3 2 0
github.com/opensearch-project/terraform-provider-opensearch/provider/aws_signer_v2.go:46.8,46.40 1 0
github.com/opensearch-project/terraform-provider-opensearch/provider/aws_signer_v2.go:46.40,49.17 2 0
github.com/opensearch-project/terraform-provider-opensearch/provider/aws_signer_v2.go:49.17,51.4 1 0
github.com/opensearch-project/terraform-provider-opensearch/provider/aws_signer_v2.go:54.3,58.41 3 0
github.com/opensearch-project/terraform-provider-opensearch/provider/aws_signer_v2.go:58.41,59.80 1 0
github.com/opensearch-project/terraform-provider-opensearch/provider/aws_signer_v2.go:59.80,61.5 1 0
github.com/opensearch-project/terraform-provider-opensearch/provider/aws_signer_v2.go:64.3,65.61 2 0
github.com/opensearch-project/terraform-provider-opensearch/provider/aws_signer_v2.go:66.8,66.34 1 0
github.com/opensearch-project/terraform-provider-opensearch/provider/aws_signer_v2.go:66.34,69.3 1 0
github.com/opensearch-project/terraform-provider-opensearch/provider/aws_signer_v2.go:73.2,74.16 2 0
github.com/opensearch-project/terraform-provider-opensearch/provider/aws_signer_v2.go:74.16,76.3 1 0
github.com/opensearch-project/terraform-provider-opensearch/provider/aws_signer_v2.go:79.2,80.23 2 0
github.com/opensearch-project/terraform-provider-opensearch/provider/aws_signer_v2.go:80.23,83.3 1 0
github.com/opensearch-project/terraform-provider-opensearch/provider/aws_signer_v2.go:83.8,86.3 1 0
github.com/opensearch-project/terraform-provider-opensearch/provider/aws_signer_v2.go:88.2,88.16 1 0
github.com/opensearch-project/terraform-provider-opensearch/provider/aws_signer_v2.go:88.16,90.3 1 0
github.com/opensearch-project/terraform-provider-opensearch/provider/aws_signer_v2.go:92.2,92.20 1 0
github.com/opensearch-project/terraform-provider-opensearch/provider/client.go:21.73,34.53 3 1
github.com/opensearch-project/terraform-provider-opensearch/provider/client.go:34.53,36.17 2 0
github.com/opensearch-project/terraform-provider-opensearch/provider/client.go:36.17,38.4 1 0
github.com/opensearch-project/terraform-provider-opensearch/provider/client.go:39.3,40.17 2 0
github.com/opensearch-project/terraform-provider-opensearch/provider/client.go:40.17,42.4 1 0
github.com/opensearch-project/terraform-provider-opensearch/provider/client.go:43.3,44.17 2 0
github.com/opensearch-project/terraform-provider-opensearch/provider/client.go:44.17,46.4 1 0
github.com/opensearch-project/terraform-provider-opensearch/provider/client.go:47.3,47.67 1 0
github.com/opensearch-project/terraform-provider-opensearch/provider/client.go:51.2,51.27 1 1
github.com/opensearch-project/terraform-provider-opensearch/provider/client.go:51.27,53.17 2 0
github.com/opensearch-project/terraform-provider-opensearch/provider/client.go:53.17,55.4 1 0
github.com/opensearch-project/terraform-provider-opensearch/provider/client.go:56.3,57.17 2 0
github.com/opensearch-project/terraform-provider-opensearch/provider/client.go:57.17,59.4 1 0
github.com/opensearch-project/terraform-provider-opensearch/provider/client.go:60.3,61.49 2 0
github.com/opensearch-project/terraform-provider-opensearch/provider/client.go:65.2,65.29 1 1
github.com/opensearch-project/terraform-provider-opensearch/provider/client.go:65.29,67.3 1 0
github.com/opensearch-project/terraform-provider-opensearch/provider/client.go:70.2,70.22 1 1
github.com/opensearch-project/terraform-provider-opensearch/provider/client.go:70.22,72.17 2 0
github.com/opensearch-project/terraform-provider-opensearch/provider/client.go:72.17,74.4 1 0
github.com/opensearch-project/terraform-provider-opensearch/provider/client.go:75.3,75.44 1 0
github.com/opensearch-project/terraform-provider-opensearch/provider/client.go:79.2,79.57 1 1
github.com/opensearch-project/terraform-provider-opensearch/provider/client.go:79.57,82.43 3 1
github.com/opensearch-project/terraform-provider-opensearch/provider/client.go:82.43,85.4 2 1
github.com/opensearch-project/terraform-provider-opensearch/provider/client.go:89.2,89.48 1 1
github.com/opensearch-project/terraform-provider-opensearch/provider/client.go:89.48,92.3 2 1
github.com/opensearch-project/terraform-provider-opensearch/provider/client.go:95.2,99.27 4 1
github.com/opensearch-project/terraform-provider-opensearch/provider/client.go:99.27,100.104 1 1
github.com/opensearch-project/terraform-provider-opensearch/provider/client.go:100.104,102.23 1 0
github.com/opensearch-project/terraform-provider-opensearch/provider/client.go:102.23,104.5 1 0
github.com/opensearch-project/terraform-provider-opensearch/provider/client.go:105.4,105.78 1 0
github.com/opensearch-project/terraform-provider-opensearch/provider/client.go:106.9,106.192 1 1
github.com/opensearch-project/terraform-provider-opensearch/provider/client.go:106.192,109.35 2 0
github.com/opensearch-project/terraform-provider-opensearch/provider/client.go:109.35,111.5 1 0
github.com/opensearch-project/terraform-provider-opensearch/provider/client.go:111.10,111.30 1 0
github.com/opensearch-project/terraform-provider-opensearch/provider/client.go:111.30,113.5 1 0
github.com/opensearch-project/terraform-provider-opensearch/provider/client.go:114.4,114.81 1 0
github.com/opensearch-project/terraform-provider-opensearch/provider/client.go:115.9,115.53 1 1
github.com/opensearch-project/terraform-provider-opensearch/provider/client.go:115.53,118.4 1 0
github.com/opensearch-project/terraform-provider-opensearch/provider/client.go:118.9,118.30 1 1
github.com/opensearch-project/terraform-provider-opensearch/provider/client.go:118.30,121.4 1 1
github.com/opensearch-project/terraform-provider-opensearch/provider/client.go:125.2,125.40 1 1
github.com/opensearch-project/terraform-provider-opensearch/provider/client.go:125.40,138.17 8 0
github.com/opensearch-project/terraform-provider-opensearch/provider/client.go:138.17,140.4 1 0
github.com/opensearch-project/terraform-provider-opensearch/provider/client.go:141.3,145.27 2 0
github.com/opensearch-project/terraform-provider-opensearch/provider/client.go:145.27,147.28 2 0
github.com/opensearch-project/terraform-provider-opensearch/provider/client.go:147.28,149.5 1 0
github.com/opensearch-project/terraform-provider-opensearch/provider/client.go:154.2,154.69 1 1
github.com/opensearch-project/terraform-provider-opensearch/provider/client.go:154.69,162.3 1 0
github.com/opensearch-project/terraform-provider-opensearch/provider/client.go:162.8,162.36 1 1
github.com/opensearch-project/terraform-provider-opensearch/provider/client.go:162.36,168.3 1 0
github.com/opensearch-project/terraform-provider-opensearch/provider/client.go:168.8,170.3 1 1
github.com/opensearch-project/terraform-provider-opensearch/provider/client.go:173.2,176.16 2 1
github.com/opensearch-project/terraform-provider-opensearch/provider/client.go:176.16,178.3 1 0
github.com/opensearch-project/terraform-provider-opensearch/provider/client.go:180.2,183.8 1 1
github.com/opensearch-project/terraform-provider-opensearch/provider/client.go:194.79,196.26 2 0
github.com/opensearch-project/terraform-provider-opensearch/provider/client.go:196.26,198.3 1 0
github.com/opensearch-project/terraform-provider-opensearch/provider/client.go:199.2,199.30 1 0
github.com/opensearch-project/terraform-provider-opensearch/provider/client.go:208.86,209.26 1 0
github.com/opensearch-project/terraform-provider-opensearch/provider/client.go:209.26,211.3 1 0
github.com/opensearch-project/terraform-provider-opensearch/provider/client.go:212.2,212.30 1 0
github.com/opensearch-project/terraform-provider-opensearch/provider/data_source_opensearch_host.go:7.50,25.2 1 1
github.com/opensearch-project/terraform-provider-opensearch/provider/data_source_opensearch_host.go:27.80,34.2 4 1
github.com/opensearch-project/terraform-provider-opensearch/provider/diff_suppress_funcs.go:10.81,12.57 2 1
github.com/opensearch-project/terraform-provider-opensearch/provider/diff_suppress_funcs.go:12.57,14.3 1 1
github.com/opensearch-project/terraform-provider-opensearch/provider/diff_suppress_funcs.go:15.2,15.57 1 1
github.com/opensearch-project/terraform-provider-opensearch/provider/diff_suppress_funcs.go:15.57,17.3 1 0
github.com/opensearch-project/terraform-provider-opensearch/provider/diff_suppress_funcs.go:19.2,19.47 1 1
github.com/opensearch-project/terraform-provider-opensearch/provider/diff_suppress_funcs.go:19.47,21.3 1 1
github.com/opensearch-project/terraform-provider-opensearch/provider/diff_suppress_funcs.go:23.2,23.47 1 1
github.com/opensearch-project/terraform-provider-opensearch/provider/diff_suppress_funcs.go:23.47,25.3 1 1
github.com/opensearch-project/terraform-provider-opensearch/provider/diff_suppress_funcs.go:27.2,27.34 1 1
github.com/opensearch-project/terraform-provider-opensearch/provider/diff_suppress_funcs.go:34.91,36.57 2 1
github.com/opensearch-project/terraform-provider-opensearch/provider/diff_suppress_funcs.go:36.57,38.3 1 1
github.com/opensearch-project/terraform-provider-opensearch/provider/diff_suppress_funcs.go:39.2,39.57 1 1
github.com/opensearch-project/terraform-provider-opensearch/provider/diff_suppress_funcs.go:39.57,41.3 1 0
github.com/opensearch-project/terraform-provider-opensearch/provider/diff_suppress_funcs.go:43.2,43.47 1 1
github.com/opensearch-project/terraform-provider-opensearch/provider/diff_suppress_funcs.go:43.47,45.3 1 1
github.com/opensearch-project/terraform-provider-opensearch/provider/diff_suppress_funcs.go:47.2,47.47 1 1
github.com/opensearch-project/terraform-provider-opensearch/provider/diff_suppress_funcs.go:47.47,49.3 1 1
github.com/opensearch-project/terraform-provider-opensearch/provider/diff_suppress_funcs.go:51.2,51.34 1 1
github.com/opensearch-project/terraform-provider-opensearch/provider/diff_suppress_funcs.go:54.85,56.57 2 1
github.com/opensearch-project/terraform-provider-opensearch/provider/diff_suppress_funcs.go:56.57,58.3 1 1
github.com/opensearch-project/terraform-provider-opensearch/provider/diff_suppress_funcs.go:59.2,59.57 1 1
github.com/opensearch-project/terraform-provider-opensearch/provider/diff_suppress_funcs.go:59.57,61.3 1 0
github.com/opensearch-project/terraform-provider-opensearch/provider/diff_suppress_funcs.go:63.2,63.47 1 1
github.com/opensearch-project/terraform-provider-opensearch/provider/diff_suppress_funcs.go:63.47,65.3 1 1
github.com/opensearch-project/terraform-provider-opensearch/provider/diff_suppress_funcs.go:67.2,67.47 1 1
github.com/opensearch-project/terraform-provider-opensearch/provider/diff_suppress_funcs.go:67.47,69.3 1 1
github.com/opensearch-project/terraform-provider-opensearch/provider/diff_suppress_funcs.go:71.2,71.34 1 1
github.com/opensearch-project/terraform-provider-opensearch/provider/diff_suppress_funcs.go:74.75,76.57 2 1
github.com/opensearch-project/terraform-provider-opensearch/provider/diff_suppress_funcs.go:76.57,78.3 1 1
github.com/opensearch-project/terraform-provider-opensearch/provider/diff_suppress_funcs.go:79.2,79.57 1 1
github.com/opensearch-project/terraform-provider-opensearch/provider/diff_suppress_funcs.go:79.57,81.3 1 0
github.com/opensearch-project/terraform-provider-opensearch/provider/diff_suppress_funcs.go:83.2,83.47 1 1
github.com/opensearch-project/terraform-provider-opensearch/provider/diff_suppress_funcs.go:83.47,85.3 1 1
github.com/opensearch-project/terraform-provider-opensearch/provider/diff_suppress_funcs.go:87.2,87.47 1 1
github.com/opensearch-project/terraform-provider-opensearch/provider/diff_suppress_funcs.go:87.47,89.3 1 1
github.com/opensearch-project/terraform-provider-opensearch/provider/diff_suppress_funcs.go:91.2,91.34 1 1
github.com/opensearch-project/terraform-provider-opensearch/provider/diff_suppress_funcs.go:94.88,96.57 2 1
github.com/opensearch-project/terraform-provider-opensearch/provider/diff_suppress_funcs.go:96.57,98.3 1 1
github.com/opensearch-project/terraform-provider-opensearch/provider/diff_suppress_funcs.go:99.2,99.57 1 1
github.com/opensearch-project/terraform-provider-opensearch/provider/diff_suppress_funcs.go:99.57,101.3 1 1
github.com/opensearch-project/terraform-provider-opensearch/provider/diff_suppress_funcs.go:103.2,103.47 1 1
github.com/opensearch-project/terraform-provider-opensearch/provider/diff_suppress_funcs.go:103.47,105.3 1 1
github.com/opensearch-project/terraform-provider-opensearch/provider/diff_suppress_funcs.go:107.2,107.47 1 1
github.com/opensearch-project/terraform-provider-opensearch/provider/diff_suppress_funcs.go:107.47,109.3 1 1
github.com/opensearch-project/terraform-provider-opensearch/provider/diff_suppress_funcs.go:111.2,111.34 1 1
github.com/opensearch-project/terraform-provider-opensearch/provider/diff_suppress_funcs.go:114.82,116.57 2 1
github.com/opensearch-project/terraform-provider-opensearch/provider/diff_suppress_funcs.go:116.57,118.3 1 1
github.com/opensearch-project/terraform-provider-opensearch/provider/diff_suppress_funcs.go:119.2,119.57 1 1
github.com/opensearch-project/terraform-provider-opensearch/provider/diff_suppress_funcs.go:119.57,121.3 1 0
github.com/opensearch-project/terraform-provider-opensearch/provider/diff_suppress_funcs.go:123.2,123.34 1 1
github.com/opensearch-project/terraform-provider-opensearch/provider/diff_suppress_funcs.go:126.74,128.57 2 1
github.com/opensearch-project/terraform-provider-opensearch/provider/diff_suppress_funcs.go:128.57,130.3 1 1
github.com/opensearch-project/terraform-provider-opensearch/provider/diff_suppress_funcs.go:131.2,131.57 1 1
github.com/opensearch-project/terraform-provider-opensearch/provider/diff_suppress_funcs.go:131.57,133.3 1 0
github.com/opensearch-project/terraform-provider-opensearch/provider/diff_suppress_funcs.go:135.2,135.47 1 1
github.com/opensearch-project/terraform-provider-opensearch/provider/diff_suppress_funcs.go:135.47,137.3 1 1
github.com/opensearch-project/terraform-provider-opensearch/provider/diff_suppress_funcs.go:139.2,139.47 1 1
github.com/opensearch-project/terraform-provider-opensearch/provider/diff_suppress_funcs.go:139.47,141.3 1 1
github.com/opensearch-project/terraform-provider-opensearch/provider/diff_suppress_funcs.go:143.2,143.34 1 1
github.com/opensearch-project/terraform-provider-opensearch/provider/diff_suppress_funcs.go:146.84,148.57 2 1
github.com/opensearch-project/terraform-provider-opensearch/provider/diff_suppress_funcs.go:148.57,150.3 1 1
github.com/opensearch-project/terraform-provider-opensearch/provider/diff_suppress_funcs.go:151.2,151.57 1 1
github.com/opensearch-project/terraform-provider-opensearch/provider/diff_suppress_funcs.go:151.57,153.3 1 0
github.com/opensearch-project/terraform-provider-opensearch/provider/diff_suppress_funcs.go:155.2,155.47 1 1
github.com/opensearch-project/terraform-provider-opensearch/provider/diff_suppress_funcs.go:155.47,157.3 1 1
github.com/opensearch-project/terraform-provider-opensearch/provider/diff_suppress_funcs.go:159.2,159.47 1 1
github.com/opensearch-project/terraform-provider-opensearch/provider/diff_suppress_funcs.go:159.47,161.3 1 1
github.com/opensearch-project/terraform-provider-opensearch/provider/diff_suppress_funcs.go:163.2,163.34 1 1
github.com/opensearch-project/terraform-provider-opensearch/provider/diff_suppress_utils.go:9.59,15.2 5 1
github.com/opensearch-project/terraform-provider-opensearch/provider/diff_suppress_utils.go:18.41,19.28 1 0
github.com/opensearch-project/terraform-provider-opensearch/provider/diff_suppress_utils.go:19.28,20.49 1 0
github.com/opensearch-project/terraform-provider-opensearch/provider/diff_suppress_utils.go:20.49,22.4 1 0
github.com/opensearch-project/terraform-provider-opensearch/provider/diff_suppress_utils.go:29.87,31.57 2 0
github.com/opensearch-project/terraform-provider-opensearch/provider/diff_suppress_utils.go:31.57,33.3 1 0
github.com/opensearch-project/terraform-provider-opensearch/provider/diff_suppress_utils.go:34.2,34.57 1 0
github.com/opensearch-project/terraform-provider-opensearch/provider/diff_suppress_utils.go:34.57,36.3 1 0
github.com/opensearch-project/terraform-provider-opensearch/provider/diff_suppress_utils.go:38.2,38.47 1 0
github.com/opensearch-project/terraform-provider-opensearch/provider/diff_suppress_utils.go:38.47,40.3 1 0
github.com/opensearch-project/terraform-provider-opensearch/provider/diff_suppress_utils.go:41.2,41.47 1 0
github.com/opensearch-project/terraform-provider-opensearch/provider/diff_suppress_utils.go:41.47,43.3 1 0
github.com/opensearch-project/terraform-provider-opensearch/provider/diff_suppress_utils.go:45.2,45.34 1 0
github.com/opensearch-project/terraform-provider-opensearch/provider/diff_suppress_utils.go:50.59,51.18 1 1
github.com/opensearch-project/terraform-provider-opensearch/provider/diff_suppress_utils.go:51.18,53.3 1 0
github.com/opensearch-project/terraform-provider-opensearch/provider/diff_suppress_utils.go:56.2,56.65 1 1
github.com/opensearch-project/terraform-provider-opensearch/provider/diff_suppress_utils.go:56.65,57.33 1 1
github.com/opensearch-project/terraform-provider-opensearch/provider/diff_suppress_utils.go:57.33,59.4 1 1
github.com/opensearch-project/terraform-provider-opensearch/provider/diff_suppress_utils.go:62.2,62.37 1 1
github.com/opensearch-project/terraform-provider-opensearch/provider/diff_suppress_utils.go:62.37,64.63 1 1
github.com/opensearch-project/terraform-provider-opensearch/provider/diff_suppress_utils.go:64.63,66.4 1 1
github.com/opensearch-project/terraform-provider-opensearch/provider/diff_suppress_utils.go:66.9,66.62 1 0
github.com/opensearch-project/terraform-provider-opensearch/provider/diff_suppress_utils.go:66.62,68.4 1 0
github.com/opensearch-project/terraform-provider-opensearch/provider/diff_suppress_utils.go:72.2,72.79 1 1
github.com/opensearch-project/terraform-provider-opensearch/provider/diff_suppress_utils.go:72.79,73.35 1 1
github.com/opensearch-project/terraform-provider-opensearch/provider/diff_suppress_utils.go:73.35,74.30 1 1
github.com/opensearch-project/terraform-provider-opensearch/provider/diff_suppress_utils.go:75.32,76.30 1 1
github.com/opensearch-project/terraform-provider-opensearch/provider/diff_suppress_utils.go:77.23,78.28 1 1
github.com/opensearch-project/terraform-provider-opensearch/provider/diff_suppress_utils.go:78.28,79.58 1 1
github.com/opensearch-project/terraform-provider-opensearch/provider/diff_suppress_utils.go:79.58,81.7 1 1
github.com/opensearch-project/terraform-provider-opensearch/provider/diff_suppress_utils.go:88.2,88.67 1 1
github.com/opensearch-project/terraform-provider-opensearch/provider/diff_suppress_utils.go:88.67,89.41 1 1
github.com/opensearch-project/terraform-provider-opensearch/provider/diff_suppress_utils.go:89.41,90.63 1 1
github.com/opensearch-project/terraform-provider-opensearch/provider/diff_suppress_utils.go:90.63,91.43 1 1
github.com/opensearch-project/terraform-provider-opensearch/provider/diff_suppress_utils.go:91.43,92.66 1 1
github.com/opensearch-project/terraform-provider-opensearch/provider/diff_suppress_utils.go:92.66,94.7 1 1
github.com/opensearch-project/terraform-provider-opensearch/provider/diff_suppress_utils.go:94.12,94.65 1 0
github.com/opensearch-project/terraform-provider-opensearch/provider/diff_suppress_utils.go:94.65,96.7 1 0
github.com/opensearch-project/terraform-provider-opensearch/provider/diff_suppress_utils.go:105.51,106.31 1 1
github.com/opensearch-project/terraform-provider-opensearch/provider/diff_suppress_utils.go:106.31,107.57 1 1
github.com/opensearch-project/terraform-provider-opensearch/provider/diff_suppress_utils.go:107.57,108.69 1 1
github.com/opensearch-project/terraform-provider-opensearch/provider/diff_suppress_utils.go:108.69,109.66 1 1
github.com/opensearch-project/terraform-provider-opensearch/provider/diff_suppress_utils.go:109.66,112.55 2 1
github.com/opensearch-project/terraform-provider-opensearch/provider/diff_suppress_utils.go:112.55,113.86 1 1
github.com/opensearch-project/terraform-provider-opensearch/provider/diff_suppress_utils.go:113.86,115.8 1 1
github.com/opensearch-project/terraform-provider-opensearch/provider/migration_utils.go:18.56,19.16 1 0
github.com/opensearch-project/terraform-provider-opensearch/provider/migration_utils.go:19.16,21.3 1 0
github.com/opensearch-project/terraform-provider-opensearch/provider/migration_utils.go:24.2,25.78 2 0
github.com/opensearch-project/terraform-provider-opensearch/provider/migration_utils.go:25.78,27.3 1 0
github.com/opensearch-project/terraform-provider-opensearch/provider/migration_utils.go:28.2,28.37 1 0
github.com/opensearch-project/terraform-provider-opensearch/provider/migration_utils.go:28.37,30.3 1 0
github.com/opensearch-project/terraform-provider-opensearch/provider/migration_utils.go:31.2,31.37 1 0
github.com/opensearch-project/terraform-provider-opensearch/provider/migration_utils.go:31.37,33.3 1 0
github.com/opensearch-project/terraform-provider-opensearch/provider/migration_utils.go:34.2,34.37 1 0
github.com/opensearch-project/terraform-provider-opensearch/provider/migration_utils.go:34.37,36.3 1 0
github.com/opensearch-project/terraform-provider-opensearch/provider/migration_utils.go:38.2,38.59 1 0
github.com/opensearch-project/terraform-provider-opensearch/provider/migration_utils.go:43.33,44.16 1 1
github.com/opensearch-project/terraform-provider-opensearch/provider/migration_utils.go:44.16,46.3 1 1
github.com/opensearch-project/terraform-provider-opensearch/provider/migration_utils.go:47.2,52.87 2 1
github.com/opensearch-project/terraform-provider-opensearch/provider/migration_utils.go:57.33,58.16 1 0
github.com/opensearch-project/terraform-provider-opensearch/provider/migration_utils.go:58.16,60.3 1 0
github.com/opensearch-project/terraform-provider-opensearch/provider/migration_utils.go:61.2,64.39 2 0
github.com/opensearch-project/terraform-provider-opensearch/provider/migration_utils.go:68.58,69.29 1 0
github.com/opensearch-project/terraform-provider-opensearch/provider/migration_utils.go:69.29,71.3 1 0
github.com/opensearch-project/terraform-provider-opensearch/provider/migration_utils.go:72.2,73.16 2 0
github.com/opensearch-project/terraform-provider-opensearch/provider/migration_utils.go:73.16,75.3 1 0
github.com/opensearch-project/terraform-provider-opensearch/provider/migration_utils.go:76.2,76.27 1 0
github.com/opensearch-project/terraform-provider-opensearch/provider/migration_utils.go:80.58,81.13 1 0
github.com/opensearch-project/terraform-provider-opensearch/provider/migration_utils.go:81.13,83.3 1 0
github.com/opensearch-project/terraform-provider-opensearch/provider/migration_utils.go:84.2,86.16 3 0
github.com/opensearch-project/terraform-provider-opensearch/provider/migration_utils.go:86.16,88.3 1 0
github.com/opensearch-project/terraform-provider-opensearch/provider/migration_utils.go:89.2,89.15 1 0
github.com/opensearch-project/terraform-provider-opensearch/provider/migration_utils.go:93.56,94.17 1 0
github.com/opensearch-project/terraform-provider-opensearch/provider/migration_utils.go:94.17,96.3 1 0
github.com/opensearch-project/terraform-provider-opensearch/provider/migration_utils.go:98.2,99.16 2 0
github.com/opensearch-project/terraform-provider-opensearch/provider/migration_utils.go:99.16,101.3 1 0
github.com/opensearch-project/terraform-provider-opensearch/provider/migration_utils.go:102.2,102.40 1 0
github.com/opensearch-project/terraform-provider-opensearch/provider/migration_utils.go:107.93,110.35 2 0
github.com/opensearch-project/terraform-provider-opensearch/provider/migration_utils.go:110.35,112.19 2 0
github.com/opensearch-project/terraform-provider-opensearch/provider/migration_utils.go:112.19,114.4 1 0
github.com/opensearch-project/terraform-provider-opensearch/provider/migration_utils.go:116.3,116.28 1 0
github.com/opensearch-project/terraform-provider-opensearch/provider/migration_utils.go:117.31,120.31 2 0
github.com/opensearch-project/terraform-provider-opensearch/provider/migration_utils.go:120.31,122.5 1 0
github.com/opensearch-project/terraform-provider-opensearch/provider/migration_utils.go:123.11,124.22 1 0
github.com/opensearch-project/terraform-provider-opensearch/provider/migration_utils.go:128.2,128.15 1 0
github.com/opensearch-project/terraform-provider-opensearch/provider/migration_utils.go:132.80,135.35 2 0
github.com/opensearch-project/terraform-provider-opensearch/provider/migration_utils.go:135.35,139.30 3 0
github.com/opensearch-project/terraform-provider-opensearch/provider/migration_utils.go:139.30,140.25 1 0
github.com/opensearch-project/terraform-provider-opensearch/provider/migration_utils.go:140.25,143.5 1 0
github.com/opensearch-project/terraform-provider-opensearch/provider/migration_utils.go:143.10,145.44 1 0
github.com/opensearch-project/terraform-provider-opensearch/provider/migration_utils.go:145.44,147.6 1 0
github.com/opensearch-project/terraform-provider-opensearch/provider/migration_utils.go:148.5,148.53 1 0
github.com/opensearch-project/terraform-provider-opensearch/provider/migration_utils.go:153.2,153.15 1 0
github.com/opensearch-project/terraform-provider-opensearch/provider/migration_utils.go:157.82,158.31 1 0
github.com/opensearch-project/terraform-provider-opensearch/provider/migration_utils.go:158.31,159.41 1 0
github.com/opensearch-project/terraform-provider-opensearch/provider/migration_utils.go:159.41,161.4 1 0
github.com/opensearch-project/terraform-provider-opensearch/provider/migration_utils.go:163.2,163.21 1 0
github.com/opensearch-project/terraform-provider-opensearch/provider/migration_utils.go:167.83,168.37 1 0
github.com/opensearch-project/terraform-provider-opensearch/provider/migration_utils.go:168.37,169.28 1 0
github.com/opensearch-project/terraform-provider-opensearch/provider/migration_utils.go:169.28,171.4 1 0
github.com/opensearch-project/terraform-provider-opensearch/provider/migration_utils.go:173.2,173.21 1 0
github.com/opensearch-project/terraform-provider-opensearch/provider/migration_utils.go:178.46,181.16 3 0
github.com/opensearch-project/terraform-provider-opensearch/provider/migration_utils.go:181.16,183.3 1 0
github.com/opensearch-project/terraform-provider-opensearch/provider/migration_utils.go:185.2,186.16 2 0
github.com/opensearch-project/terraform-provider-opensearch/provider/migration_utils.go:186.16,188.3 1 0
github.com/opensearch-project/terraform-provider-opensearch/provider/migration_utils.go:190.2,190.27 1 0
github.com/opensearch-project/terraform-provider-opensearch/provider/migration_utils.go:194.43,195.12 1 0
github.com/opensearch-project/terraform-provider-opensearch/provider/migration_utils.go:195.12,197.3 1 0
github.com/opensearch-project/terraform-provider-opensearch/provider/migration_utils.go:199.2,200.16 2 0
github.com/opensearch-project/terraform-provider-opensearch/provider/migration_utils.go:200.16,202.3 1 0
github.com/opensearch-project/terraform-provider-opensearch/provider/migration_utils.go:204.2,205.16 2 0
github.com/opensearch-project/terraform-provider-opensearch/provider/migration_utils.go:205.16,207.3 1 0
github.com/opensearch-project/terraform-provider-opensearch/provider/migration_utils.go:209.2,209.40 1 0
github.com/opensearch-project/terraform-provider-opensearch/provider/migration_utils.go:214.41,215.16 1 0
github.com/opensearch-project/terraform-provider-opensearch/provider/migration_utils.go:215.16,217.3 1 0
github.com/opensearch-project/terraform-provider-opensearch/provider/migration_utils.go:219.2,233.43 3 0
github.com/opensearch-project/terraform-provider-opensearch/provider/migration_utils.go:233.43,234.40 1 0
github.com/opensearch-project/terraform-provider-opensearch/provider/migration_utils.go:234.40,236.4 1 0
github.com/opensearch-project/terraform-provider-opensearch/provider/migration_utils.go:239.2,239.10 1 0
github.com/opensearch-project/terraform-provider-opensearch/provider/provider.go:61.34,255.2 1 1
github.com/opensearch-project/terraform-provider-opensearch/provider/provider.go:257.101,262.16 4 1
github.com/opensearch-project/terraform-provider-opensearch/provider/provider.go:262.16,264.3 1 0
github.com/opensearch-project/terraform-provider-opensearch/provider/provider.go:266.2,267.16 2 1
github.com/opensearch-project/terraform-provider-opensearch/provider/provider.go:267.16,269.3 1 0
github.com/opensearch-project/terraform-provider-opensearch/provider/provider.go:271.2,271.38 1 1
github.com/opensearch-project/terraform-provider-opensearch/provider/provider.go:271.38,273.3 1 0
github.com/opensearch-project/terraform-provider-opensearch/provider/provider.go:275.2,303.20 2 1
github.com/opensearch-project/terraform-provider-opensearch/provider/provider.go:308.73,310.34 1 1
github.com/opensearch-project/terraform-provider-opensearch/provider/provider.go:310.34,312.3 1 1
github.com/opensearch-project/terraform-provider-opensearch/provider/provider.go:315.2,316.16 2 1
github.com/opensearch-project/terraform-provider-opensearch/provider/provider.go:316.16,318.3 1 0
github.com/opensearch-project/terraform-provider-opensearch/provider/provider.go:321.2,321.26 1 1
github.com/opensearch-project/terraform-provider-opensearch/provider/provider.go:321.26,328.17 5 1
github.com/opensearch-project/terraform-provider-opensearch/provider/provider.go:328.17,330.25 1 1
github.com/opensearch-project/terraform-provider-opensearch/provider/provider.go:330.25,332.5 1 0
github.com/opensearch-project/terraform-provider-opensearch/provider/provider.go:333.4,333.68 1 1
github.com/opensearch-project/terraform-provider-opensearch/provider/provider.go:336.3,340.36 3 1
github.com/opensearch-project/terraform-provider-opensearch/provider/provider.go:341.21,342.28 1 1
github.com/opensearch-project/terraform-provider-opensearch/provider/provider.go:343.11,344.25 1 0
github.com/opensearch-project/terraform-provider-opensearch/provider/provider.go:349.2,350.20 2 1
github.com/opensearch-project/terraform-provider-opensearch/provider/provider.go:355.83,356.44 1 1
github.com/opensearch-project/terraform-provider-opensearch/provider/provider.go:356.44,358.3 1 0
github.com/opensearch-project/terraform-provider-opensearch/provider/provider.go:359.2,359.33 1 1
github.com/opensearch-project/terraform-provider-opensearch/provider/provider.go:364.93,365.40 1 1
github.com/opensearch-project/terraform-provider-opensearch/provider/provider.go:365.40,367.3 1 1
github.com/opensearch-project/terraform-provider-opensearch/provider/provider.go:368.2,368.40 1 0
github.com/opensearch-project/terraform-provider-opensearch/provider/provider.go:368.40,370.3 1 0
github.com/opensearch-project/terraform-provider-opensearch/provider/provider.go:371.2,371.19 1 0
github.com/opensearch-project/terraform-provider-opensearch/provider/provider.go:376.86,377.37 1 1
github.com/opensearch-project/terraform-provider-opensearch/provider/provider.go:377.37,378.45 1 1
github.com/opensearch-project/terraform-provider-opensearch/provider/provider.go:378.45,380.4 1 0
github.com/opensearch-project/terraform-provider-opensearch/provider/provider.go:381.3,381.44 1 1
github.com/opensearch-project/terraform-provider-opensearch/provider/provider.go:381.44,383.4 1 0
github.com/opensearch-project/terraform-provider-opensearch/provider/provider.go:384.3,384.18 1 1
github.com/opensearch-project/terraform-provider-opensearch/provider/resource_opensearch_anomaly_detection.go:22.41,25.4 2 1
github.com/opensearch-project/terraform-provider-opensearch/provider/resource_opensearch_anomaly_detection.go:30.60,42.2 1 1
github.com/opensearch-project/terraform-provider-opensearch/provider/resource_opensearch_anomaly_detection.go:44.92,47.16 2 1
github.com/opensearch-project/terraform-provider-opensearch/provider/resource_opensearch_anomaly_detection.go:47.16,50.3 2 0
github.com/opensearch-project/terraform-provider-opensearch/provider/resource_opensearch_anomaly_detection.go:52.2,55.53 3 1
github.com/opensearch-project/terraform-provider-opensearch/provider/resource_opensearch_anomaly_detection.go:58.90,61.21 2 1
github.com/opensearch-project/terraform-provider-opensearch/provider/resource_opensearch_anomaly_detection.go:61.21,65.3 3 0
github.com/opensearch-project/terraform-provider-opensearch/provider/resource_opensearch_anomaly_detection.go:67.2,67.16 1 1
github.com/opensearch-project/terraform-provider-opensearch/provider/resource_opensearch_anomaly_detection.go:67.16,69.3 1 0
github.com/opensearch-project/terraform-provider-opensearch/provider/resource_opensearch_anomaly_detection.go:71.2,74.16 3 1
github.com/opensearch-project/terraform-provider-opensearch/provider/resource_opensearch_anomaly_detection.go:74.16,76.3 1 0
github.com/opensearch-project/terraform-provider-opensearch/provider/resource_opensearch_anomaly_detection.go:77.2,78.16 2 1
github.com/opensearch-project/terraform-provider-opensearch/provider/resource_opensearch_anomaly_detection.go:78.16,80.3 1 0
github.com/opensearch-project/terraform-provider-opensearch/provider/resource_opensearch_anomaly_detection.go:81.2,82.12 2 1
github.com/opensearch-project/terraform-provider-opensearch/provider/resource_opensearch_anomaly_detection.go:85.92,88.16 2 1
github.com/opensearch-project/terraform-provider-opensearch/provider/resource_opensearch_anomaly_detection.go:88.16,90.3 1 0
github.com/opensearch-project/terraform-provider-opensearch/provider/resource_opensearch_anomaly_detection.go:92.2,92.53 1 1
github.com/opensearch-project/terraform-provider-opensearch/provider/resource_opensearch_anomaly_detection.go:95.121,101.16 4 1
github.com/opensearch-project/terraform-provider-opensearch/provider/resource_opensearch_anomaly_detection.go:101.16,103.3 1 0
github.com/opensearch-project/terraform-provider-opensearch/provider/resource_opensearch_anomaly_detection.go:106.2,107.16 2 1
github.com/opensearch-project/terraform-provider-opensearch/provider/resource_opensearch_anomaly_detection.go:107.16,109.3 1 0
github.com/opensearch-project/terraform-provider-opensearch/provider/resource_opensearch_anomaly_detection.go:112.2,113.16 2 1
github.com/opensearch-project/terraform-provider-opensearch/provider/resource_opensearch_anomaly_detection.go:113.16,115.3 1 0
github.com/opensearch-project/terraform-provider-opensearch/provider/resource_opensearch_anomaly_detection.go:116.2,120.16 3 1
github.com/opensearch-project/terraform-provider-opensearch/provider/resource_opensearch_anomaly_detection.go:120.16,122.3 1 0
github.com/opensearch-project/terraform-provider-opensearch/provider/resource_opensearch_anomaly_detection.go:124.2,124.44 1 1
github.com/opensearch-project/terraform-provider-opensearch/provider/resource_opensearch_anomaly_detection.go:124.44,126.3 1 1
github.com/opensearch-project/terraform-provider-opensearch/provider/resource_opensearch_anomaly_detection.go:128.2,128.38 1 1
github.com/opensearch-project/terraform-provider-opensearch/provider/resource_opensearch_anomaly_detection.go:128.38,130.3 1 0
github.com/opensearch-project/terraform-provider-opensearch/provider/resource_opensearch_anomaly_detection.go:132.2,132.55 1 1
github.com/opensearch-project/terraform-provider-opensearch/provider/resource_opensearch_anomaly_detection.go:132.55,134.3 1 0
github.com/opensearch-project/terraform-provider-opensearch/provider/resource_opensearch_anomaly_detection.go:135.2,139.22 5 1
github.com/opensearch-project/terraform-provider-opensearch/provider/resource_opensearch_anomaly_detection.go:142.119,149.16 5 1
github.com/opensearch-project/terraform-provider-opensearch/provider/resource_opensearch_anomaly_detection.go:149.16,151.3 1 0
github.com/opensearch-project/terraform-provider-opensearch/provider/resource_opensearch_anomaly_detection.go:154.2,155.16 2 1
github.com/opensearch-project/terraform-provider-opensearch/provider/resource_opensearch_anomaly_detection.go:155.16,157.3 1 0
github.com/opensearch-project/terraform-provider-opensearch/provider/resource_opensearch_anomaly_detection.go:158.2,162.16 3 1
github.com/opensearch-project/terraform-provider-opensearch/provider/resource_opensearch_anomaly_detection.go:162.16,164.3 1 0
github.com/opensearch-project/terraform-provider-opensearch/provider/resource_opensearch_anomaly_detection.go:165.2,169.16 3 1
github.com/opensearch-project/terraform-provider-opensearch/provider/resource_opensearch_anomaly_detection.go:169.16,171.3 1 0
github.com/opensearch-project/terraform-provider-opensearch/provider/resource_opensearch_anomaly_detection.go:173.2,173.53 1 1
github.com/opensearch-project/terraform-provider-opensearch/provider/resource_opensearch_anomaly_detection.go:173.53,175.3 1 0
github.com/opensearch-project/terraform-provider-opensearch/provider/resource_opensearch_anomaly_detection.go:177.2,177.55 1 1
github.com/opensearch-project/terraform-provider-opensearch/provider/resource_opensearch_anomaly_detection.go:177.55,179.3 1 0
github.com/opensearch-project/terraform-provider-opensearch/provider/resource_opensearch_anomaly_detection.go:180.2,181.22 2 1
github.com/opensearch-project/terraform-provider-opensearch/provider/resource_opensearch_anomaly_detection.go:184.118,191.16 5 1
github.com/opensearch-project/terraform-provider-opensearch/provider/resource_opensearch_anomaly_detection.go:191.16,193.3 1 0
github.com/opensearch-project/terraform-provider-opensearch/provider/resource_opensearch_anomaly_detection.go:196.2,197.16 2 1
github.com/opensearch-project/terraform-provider-opensearch/provider/resource_opensearch_anomaly_detection.go:197.16,199.3 1 0
github.com/opensearch-project/terraform-provider-opensearch/provider/resource_opensearch_anomaly_detection.go:200.2,204.16 3 1
github.com/opensearch-project/terraform-provider-opensearch/provider/resource_opensearch_anomaly_detection.go:204.16,206.3 1 0
github.com/opensearch-project/terraform-provider-opensearch/provider/resource_opensearch_anomaly_detection.go:207.2,211.16 3 1
github.com/opensearch-project/terraform-provider-opensearch/provider/resource_opensearch_anomaly_detection.go:211.16,213.3 1 0
github.com/opensearch-project/terraform-provider-opensearch/provider/resource_opensearch_anomaly_detection.go:215.2,215.53 1 1
github.com/opensearch-project/terraform-provider-opensearch/provider/resource_opensearch_anomaly_detection.go:215.53,217.3 1 0
github.com/opensearch-project/terraform-provider-opensearch/provider/resource_opensearch_anomaly_detection.go:219.2,219.55 1 1
github.com/opensearch-project/terraform-provider-opensearch/provider/resource_opensearch_anomaly_detection.go:219.55,221.3 1 0
github.com/opensearch-project/terraform-provider-opensearch/provider/resource_opensearch_anomaly_detection.go:223.2,223.22 1 1
github.com/opensearch-project/terraform-provider-opensearch/provider/resource_opensearch_anomaly_detection.go:226.92,230.16 3 1
github.com/opensearch-project/terraform-provider-opensearch/provider/resource_opensearch_anomaly_detection.go:230.16,232.3 1 0
github.com/opensearch-project/terraform-provider-opensearch/provider/resource_opensearch_anomaly_detection.go:235.2,236.16 2 1
github.com/opensearch-project/terraform-provider-opensearch/provider/resource_opensearch_anomaly_detection.go:236.16,238.3 1 0
github.com/opensearch-project/terraform-provider-opensearch/provider/resource_opensearch_anomaly_detection.go:241.2,242.16 2 1
github.com/opensearch-project/terraform-provider-opensearch/provider/resource_opensearch_anomaly_detection.go:242.16,244.3 1 0
github.com/opensearch-project/terraform-provider-opensearch/provider/resource_opensearch_anomaly_detection.go:245.2,248.53 2 1
github.com/opensearch-project/terraform-provider-opensearch/provider/resource_opensearch_anomaly_detection.go:248.53,250.3 1 1
github.com/opensearch-project/terraform-provider-opensearch/provider/resource_opensearch_anomaly_detection.go:252.2,252.96 1 0
github.com/opensearch-project/terraform-provider-opensearch/provider/resource_opensearch_audit_config.go:176.55,187.2 1 1
github.com/opensearch-project/terraform-provider-opensearch/provider/resource_opensearch_audit_config.go:188.87,190.66 1 1
github.com/opensearch-project/terraform-provider-opensearch/provider/resource_opensearch_audit_config.go:190.66,192.3 1 0
github.com/opensearch-project/terraform-provider-opensearch/provider/resource_opensearch_audit_config.go:194.2,195.48 2 1
github.com/opensearch-project/terraform-provider-opensearch/provider/resource_opensearch_audit_config.go:198.85,201.16 2 1
github.com/opensearch-project/terraform-provider-opensearch/provider/resource_opensearch_audit_config.go:201.16,202.22 1 0
github.com/opensearch-project/terraform-provider-opensearch/provider/resource_opensearch_audit_config.go:202.22,206.4 3 0
github.com/opensearch-project/terraform-provider-opensearch/provider/resource_opensearch_audit_config.go:207.3,207.13 1 0
github.com/opensearch-project/terraform-provider-opensearch/provider/resource_opensearch_audit_config.go:210.2,211.16 2 1
github.com/opensearch-project/terraform-provider-opensearch/provider/resource_opensearch_audit_config.go:211.16,213.3 1 0
github.com/opensearch-project/terraform-provider-opensearch/provider/resource_opensearch_audit_config.go:215.2,216.16 2 1
github.com/opensearch-project/terraform-provider-opensearch/provider/resource_opensearch_audit_config.go:216.16,218.3 1 0
github.com/opensearch-project/terraform-provider-opensearch/provider/resource_opensearch_audit_config.go:220.2,221.16 2 1
github.com/opensearch-project/terraform-provider-opensearch/provider/resource_opensearch_audit_config.go:221.16,223.3 1 0
github.com/opensearch-project/terraform-provider-opensearch/provider/resource_opensearch_audit_config.go:225.2,225.12 1 1
github.com/opensearch-project/terraform-provider-opensearch/provider/resource_opensearch_audit_config.go:228.77,241.2 1 1
github.com/opensearch-project/terraform-provider-opensearch/provider/resource_opensearch_audit_config.go:243.84,246.42 2 1
github.com/opensearch-project/terraform-provider-opensearch/provider/resource_opensearch_audit_config.go:246.42,252.3 2 1
github.com/opensearch-project/terraform-provider-opensearch/provider/resource_opensearch_audit_config.go:253.2,253.15 1 1
github.com/opensearch-project/terraform-provider-opensearch/provider/resource_opensearch_audit_config.go:256.67,269.2 1 1
github.com/opensearch-project/terraform-provider-opensearch/provider/resource_opensearch_audit_config.go:271.87,273.66 1 1
github.com/opensearch-project/terraform-provider-opensearch/provider/resource_opensearch_audit_config.go:273.66,275.3 1 0
github.com/opensearch-project/terraform-provider-opensearch/provider/resource_opensearch_audit_config.go:277.2,277.48 1 1
github.com/opensearch-project/terraform-provider-opensearch/provider/resource_opensearch_audit_config.go:280.87,283.2 1 1
github.com/opensearch-project/terraform-provider-opensearch/provider/resource_opensearch_audit_config.go:285.86,289.16 3 1
github.com/opensearch-project/terraform-provider-opensearch/provider/resource_opensearch_audit_config.go:289.16,291.3 1 0
github.com/opensearch-project/terraform-provider-opensearch/provider/resource_opensearch_audit_config.go:294.2,295.16 2 1
github.com/opensearch-project/terraform-provider-opensearch/provider/resource_opensearch_audit_config.go:295.16,297.3 1 0
github.com/opensearch-project/terraform-provider-opensearch/provider/resource_opensearch_audit_config.go:300.2,301.16 2 1
github.com/opensearch-project/terraform-provider-opensearch/provider/resource_opensearch_audit_config.go:301.16,303.3 1 0
github.com/opensearch-project/terraform-provider-opensearch/provider/resource_opensearch_audit_config.go:304.2,308.16 3 1
github.com/opensearch-project/terraform-provider-opensearch/provider/resource_opensearch_audit_config.go:308.16,310.3 1 0
github.com/opensearch-project/terraform-provider-opensearch/provider/resource_opensearch_audit_config.go:312.2,312.44 1 1
github.com/opensearch-project/terraform-provider-opensearch/provider/resource_opensearch_audit_config.go:312.44,314.3 1 0
github.com/opensearch-project/terraform-provider-opensearch/provider/resource_opensearch_audit_config.go:316.2,316.38 1 1
github.com/opensearch-project/terraform-provider-opensearch/provider/resource_opensearch_audit_config.go:316.38,318.3 1 0
github.com/opensearch-project/terraform-provider-opensearch/provider/resource_opensearch_audit_config.go:320.2,320.53 1 1
github.com/opensearch-project/terraform-provider-opensearch/provider/resource_opensearch_audit_config.go:320.53,322.3 1 0
github.com/opensearch-project/terraform-provider-opensearch/provider/resource_opensearch_audit_config.go:323.2,324.20 2 1
github.com/opensearch-project/terraform-provider-opensearch/provider/resource_opensearch_audit_config.go:327.60,329.47 2 1
github.com/opensearch-project/terraform-provider-opensearch/provider/resource_opensearch_audit_config.go:329.47,337.3 1 0
github.com/opensearch-project/terraform-provider-opensearch/provider/resource_opensearch_audit_config.go:339.2,351.3 2 1
github.com/opensearch-project/terraform-provider-opensearch/provider/resource_opensearch_audit_config.go:354.70,356.48 2 1
github.com/opensearch-project/terraform-provider-opensearch/provider/resource_opensearch_audit_config.go:356.48,365.3 1 0
github.com/opensearch-project/terraform-provider-opensearch/provider/resource_opensearch_audit_config.go:367.2,380.3 2 1
github.com/opensearch-project/terraform-provider-opensearch/provider/resource_opensearch_audit_config.go:383.72,386.31 2 1
github.com/opensearch-project/terraform-provider-opensearch/provider/resource_opensearch_audit_config.go:386.31,390.28 4 1
github.com/opensearch-project/terraform-provider-opensearch/provider/resource_opensearch_audit_config.go:390.28,392.4 1 1
github.com/opensearch-project/terraform-provider-opensearch/provider/resource_opensearch_audit_config.go:394.2,394.15 1 1
github.com/opensearch-project/terraform-provider-opensearch/provider/resource_opensearch_audit_config.go:397.111,406.16 4 1
github.com/opensearch-project/terraform-provider-opensearch/provider/resource_opensearch_audit_config.go:406.16,408.3 1 0
github.com/opensearch-project/terraform-provider-opensearch/provider/resource_opensearch_audit_config.go:410.2,411.16 2 1
github.com/opensearch-project/terraform-provider-opensearch/provider/resource_opensearch_audit_config.go:411.16,413.3 1 0
github.com/opensearch-project/terraform-provider-opensearch/provider/resource_opensearch_audit_config.go:415.2,423.52 5 1
github.com/opensearch-project/terraform-provider-opensearch/provider/resource_opensearch_audit_config.go:423.52,424.18 1 1
github.com/opensearch-project/terraform-provider-opensearch/provider/resource_opensearch_audit_config.go:424.18,427.4 1 0
github.com/opensearch-project/terraform-provider-opensearch/provider/resource_opensearch_audit_config.go:430.3,431.17 2 1
github.com/opensearch-project/terraform-provider-opensearch/provider/resource_opensearch_audit_config.go:431.17,433.4 1 0
github.com/opensearch-project/terraform-provider-opensearch/provider/resource_opensearch_audit_config.go:434.3,437.17 3 1
github.com/opensearch-project/terraform-provider-opensearch/provider/resource_opensearch_audit_config.go:437.17,439.57 1 1
github.com/opensearch-project/terraform-provider-opensearch/provider/resource_opensearch_audit_config.go:439.57,440.10 1 1
github.com/opensearch-project/terraform-provider-opensearch/provider/resource_opensearch_audit_config.go:442.4,442.21 1 0
github.com/opensearch-project/terraform-provider-opensearch/provider/resource_opensearch_audit_config.go:446.2,446.16 1 1
github.com/opensearch-project/terraform-provider-opensearch/provider/resource_opensearch_audit_config.go:446.16,449.3 2 0
github.com/opensearch-project/terraform-provider-opensearch/provider/resource_opensearch_audit_config.go:450.2,454.16 3 1
github.com/opensearch-project/terraform-provider-opensearch/provider/resource_opensearch_audit_config.go:454.16,456.3 1 0
github.com/opensearch-project/terraform-provider-opensearch/provider/resource_opensearch_audit_config.go:459.2,459.53 1 1
github.com/opensearch-project/terraform-provider-opensearch/provider/resource_opensearch_audit_config.go:459.53,461.3 1 0
github.com/opensearch-project/terraform-provider-opensearch/provider/resource_opensearch_audit_config.go:463.2,463.55 1 1
github.com/opensearch-project/terraform-provider-opensearch/provider/resource_opensearch_audit_config.go:463.55,465.3 1 0
github.com/opensearch-project/terraform-provider-opensearch/provider/resource_opensearch_audit_config.go:467.2,467.22 1 1
github.com/opensearch-project/terraform-provider-opensearch/provider/resource_opensearch_channel_configuration.go:22.41,25.4 2 1
github.com/opensearch-project/terraform-provider-opensearch/provider/resource_opensearch_channel_configuration.go:30.64,42.2 1 1
github.com/opensearch-project/terraform-provider-opensearch/provider/resource_opensearch_channel_configuration.go:44.106,47.16 2 1
github.com/opensearch-project/terraform-provider-opensearch/provider/resource_opensearch_channel_configuration.go:47.16,50.3 2 0
github.com/opensearch-project/terraform-provider-opensearch/provider/resource_opensearch_channel_configuration.go:52.2,55.67 3 1
github.com/opensearch-project/terraform-provider-opensearch/provider/resource_opensearch_channel_configuration.go:58.104,61.21 2 1
github.com/opensearch-project/terraform-provider-opensearch/provider/resource_opensearch_channel_configuration.go:61.21,65.3 3 0
github.com/opensearch-project/terraform-provider-opensearch/provider/resource_opensearch_channel_configuration.go:67.2,67.16 1 1
github.com/opensearch-project/terraform-provider-opensearch/provider/resource_opensearch_channel_configuration.go:67.16,69.3 1 0
github.com/opensearch-project/terraform-provider-opensearch/provider/resource_opensearch_channel_configuration.go:71.2,71.45 1 1
github.com/opensearch-project/terraform-provider-opensearch/provider/resource_opensearch_channel_configuration.go:71.45,73.3 1 0
github.com/opensearch-project/terraform-provider-opensearch/provider/resource_opensearch_channel_configuration.go:78.2,81.16 3 1
github.com/opensearch-project/terraform-provider-opensearch/provider/resource_opensearch_channel_configuration.go:81.16,83.3 1 0
github.com/opensearch-project/terraform-provider-opensearch/provider/resource_opensearch_channel_configuration.go:84.2,85.16 2 1
github.com/opensearch-project/terraform-provider-opensearch/provider/resource_opensearch_channel_configuration.go:85.16,87.3 1 0
github.com/opensearch-project/terraform-provider-opensearch/provider/resource_opensearch_channel_configuration.go:88.2,89.12 2 1
github.com/opensearch-project/terraform-provider-opensearch/provider/resource_opensearch_channel_configuration.go:92.106,95.16 2 1
github.com/opensearch-project/terraform-provider-opensearch/provider/resource_opensearch_channel_configuration.go:95.16,97.3 1 0
github.com/opensearch-project/terraform-provider-opensearch/provider/resource_opensearch_channel_configuration.go:99.2,99.67 1 1
github.com/opensearch-project/terraform-provider-opensearch/provider/resource_opensearch_channel_configuration.go:102.106,106.16 3 1
github.com/opensearch-project/terraform-provider-opensearch/provider/resource_opensearch_channel_configuration.go:106.16,108.3 1 0
github.com/opensearch-project/terraform-provider-opensearch/provider/resource_opensearch_channel_configuration.go:111.2,112.16 2 1
github.com/opensearch-project/terraform-provider-opensearch/provider/resource_opensearch_channel_configuration.go:112.16,114.3 1 0
github.com/opensearch-project/terraform-provider-opensearch/provider/resource_opensearch_channel_configuration.go:117.2,118.16 2 1
github.com/opensearch-project/terraform-provider-opensearch/provider/resource_opensearch_channel_configuration.go:118.16,120.3 1 0
github.com/opensearch-project/terraform-provider-opensearch/provider/resource_opensearch_channel_configuration.go:121.2,124.53 2 1
github.com/opensearch-project/terraform-provider-opensearch/provider/resource_opensearch_channel_configuration.go:124.53,126.3 1 1
github.com/opensearch-project/terraform-provider-opensearch/provider/resource_opensearch_channel_configuration.go:128.2,128.101 1 0
github.com/opensearch-project/terraform-provider-opensearch/provider/resource_opensearch_channel_configuration.go:131.147,137.16 4 1
github.com/opensearch-project/terraform-provider-opensearch/provider/resource_opensearch_channel_configuration.go:137.16,139.3 1 0
github.com/opensearch-project/terraform-provider-opensearch/provider/resource_opensearch_channel_configuration.go:142.2,143.16 2 1
github.com/opensearch-project/terraform-provider-opensearch/provider/resource_opensearch_channel_configuration.go:143.16,145.3 1 0
github.com/opensearch-project/terraform-provider-opensearch/provider/resource_opensearch_channel_configuration.go:148.2,149.16 2 1
github.com/opensearch-project/terraform-provider-opensearch/provider/resource_opensearch_channel_configuration.go:149.16,151.3 1 0
github.com/opensearch-project/terraform-provider-opensearch/provider/resource_opensearch_channel_configuration.go:152.2,156.16 3 1
github.com/opensearch-project/terraform-provider-opensearch/provider/resource_opensearch_channel_configuration.go:156.16,158.3 1 0
github.com/opensearch-project/terraform-provider-opensearch/provider/resource_opensearch_channel_configuration.go:160.2,160.44 1 1
github.com/opensearch-project/terraform-provider-opensearch/provider/resource_opensearch_channel_configuration.go:160.44,162.3 1 1
github.com/opensearch-project/terraform-provider-opensearch/provider/resource_opensearch_channel_configuration.go:164.2,164.38 1 1
github.com/opensearch-project/terraform-provider-opensearch/provider/resource_opensearch_channel_configuration.go:164.38,166.3 1 0
github.com/opensearch-project/terraform-provider-opensearch/provider/resource_opensearch_channel_configuration.go:168.2,168.55 1 1
github.com/opensearch-project/terraform-provider-opensearch/provider/resource_opensearch_channel_configuration.go:168.55,170.3 1 0
github.com/opensearch-project/terraform-provider-opensearch/provider/resource_opensearch_channel_configuration.go:172.2,172.49 1 1
github.com/opensearch-project/terraform-provider-opensearch/provider/resource_opensearch_channel_configuration.go:172.49,174.3 1 1
github.com/opensearch-project/terraform-provider-opensearch/provider/resource_opensearch_channel_configuration.go:174.8,177.61 2 0
github.com/opensearch-project/terraform-provider-opensearch/provider/resource_opensearch_channel_configuration.go:177.61,178.68 1 0
github.com/opensearch-project/terraform-provider-opensearch/provider/resource_opensearch_channel_configuration.go:178.68,181.5 2 0
github.com/opensearch-project/terraform-provider-opensearch/provider/resource_opensearch_channel_configuration.go:185.2,185.22 1 1
github.com/opensearch-project/terraform-provider-opensearch/provider/resource_opensearch_channel_configuration.go:188.145,195.16 5 1
github.com/opensearch-project/terraform-provider-opensearch/provider/resource_opensearch_channel_configuration.go:195.16,197.3 1 0
github.com/opensearch-project/terraform-provider-opensearch/provider/resource_opensearch_channel_configuration.go:200.2,201.16 2 1
github.com/opensearch-project/terraform-provider-opensearch/provider/resource_opensearch_channel_configuration.go:201.16,203.3 1 0
github.com/opensearch-project/terraform-provider-opensearch/provider/resource_opensearch_channel_configuration.go:204.2,208.16 3 1
github.com/opensearch-project/terraform-provider-opensearch/provider/resource_opensearch_channel_configuration.go:208.16,210.3 1 0
github.com/opensearch-project/terraform-provider-opensearch/provider/resource_opensearch_channel_configuration.go:211.2,215.16 3 1
github.com/opensearch-project/terraform-provider-opensearch/provider/resource_opensearch_channel_configuration.go:215.16,217.3 1 0
github.com/opensearch-project/terraform-provider-opensearch/provider/resource_opensearch_channel_configuration.go:219.2,219.53 1 1
github.com/opensearch-project/terraform-provider-opensearch/provider/resource_opensearch_channel_configuration.go:219.53,221.3 1 0
github.com/opensearch-project/terraform-provider-opensearch/provider/resource_opensearch_channel_configuration.go:223.2,223.55 1 1
github.com/opensearch-project/terraform-provider-opensearch/provider/resource_opensearch_channel_configuration.go:223.55,225.3 1 0
github.com/opensearch-project/terraform-provider-opensearch/provider/resource_opensearch_channel_configuration.go:226.2,226.22 1 1
github.com/opensearch-project/terraform-provider-opensearch/provider/resource_opensearch_channel_configuration.go:229.144,236.16 5 1
github.com/opensearch-project/terraform-provider-opensearch/provider/resource_opensearch_channel_configuration.go:236.16,238.3 1 0
github.com/opensearch-project/terraform-provider-opensearch/provider/resource_opensearch_channel_configuration.go:241.2,242.16 2 1
github.com/opensearch-project/terraform-provider-opensearch/provider/resource_opensearch_channel_configuration.go:242.16,244.3 1 0
github.com/opensearch-project/terraform-provider-opensearch/provider/resource_opensearch_channel_configuration.go:245.2,249.16 3 1
github.com/opensearch-project/terraform-provider-opensearch/provider/resource_opensearch_channel_configuration.go:249.16,251.3 1 0
github.com/opensearch-project/terraform-provider-opensearch/provider/resource_opensearch_channel_configuration.go:252.2,256.16 3 1
github.com/opensearch-project/terraform-provider-opensearch/provider/resource_opensearch_channel_configuration.go:256.16,258.3 1 0
github.com/opensearch-project/terraform-provider-opensearch/provider/resource_opensearch_channel_configuration.go:260.2,260.53 1 1
github.com/opensearch-project/terraform-provider-opensearch/provider/resource_opensearch_channel_configuration.go:260.53,262.3 1 0
github.com/opensearch-project/terraform-provider-opensearch/provider/resource_opensearch_channel_configuration.go:264.2,264.55 1 1
github.com/opensearch-project/terraform-provider-opensearch/provider/resource_opensearch_channel_configuration.go:264.55,266.3 1 0
github.com/opensearch-project/terraform-provider-opensearch/provider/resource_opensearch_channel_configuration.go:268.2,268.22 1 1
github.com/opensearch-project/terraform-provider-opensearch/provider/resource_opensearch_cluster_settings.go:77.59,325.2 1 1
github.com/opensearch-project/terraform-provider-opensearch/provider/resource_opensearch_cluster_settings.go:327.94,329.16 2 1
github.com/opensearch-project/terraform-provider-opensearch/provider/resource_opensearch_cluster_settings.go:329.16,331.3 1 0
github.com/opensearch-project/terraform-provider-opensearch/provider/resource_opensearch_cluster_settings.go:332.2,333.55 2 1
github.com/opensearch-project/terraform-provider-opensearch/provider/resource_opensearch_cluster_settings.go:336.91,338.16 2 1
github.com/opensearch-project/terraform-provider-opensearch/provider/resource_opensearch_cluster_settings.go:338.16,340.3 1 0
github.com/opensearch-project/terraform-provider-opensearch/provider/resource_opensearch_cluster_settings.go:341.2,345.16 4 1
github.com/opensearch-project/terraform-provider-opensearch/provider/resource_opensearch_cluster_settings.go:345.16,347.3 1 0
github.com/opensearch-project/terraform-provider-opensearch/provider/resource_opensearch_cluster_settings.go:349.2,352.16 2 1
github.com/opensearch-project/terraform-provider-opensearch/provider/resource_opensearch_cluster_settings.go:352.16,354.3 1 0
github.com/opensearch-project/terraform-provider-opensearch/provider/resource_opensearch_cluster_settings.go:356.2,356.12 1 1
github.com/opensearch-project/terraform-provider-opensearch/provider/resource_opensearch_cluster_settings.go:359.92,361.16 2 1
github.com/opensearch-project/terraform-provider-opensearch/provider/resource_opensearch_cluster_settings.go:361.16,363.3 1 0
github.com/opensearch-project/terraform-provider-opensearch/provider/resource_opensearch_cluster_settings.go:365.2,365.92 1 1
github.com/opensearch-project/terraform-provider-opensearch/provider/resource_opensearch_cluster_settings.go:368.94,370.2 1 0
github.com/opensearch-project/terraform-provider-opensearch/provider/resource_opensearch_cluster_settings.go:372.94,373.46 1 1
github.com/opensearch-project/terraform-provider-opensearch/provider/resource_opensearch_cluster_settings.go:373.46,375.17 2 1
github.com/opensearch-project/terraform-provider-opensearch/provider/resource_opensearch_cluster_settings.go:375.17,377.4 1 0
github.com/opensearch-project/terraform-provider-opensearch/provider/resource_opensearch_cluster_settings.go:380.2,381.12 2 1
github.com/opensearch-project/terraform-provider-opensearch/provider/resource_opensearch_cluster_settings.go:384.93,388.16 3 1
github.com/opensearch-project/terraform-provider-opensearch/provider/resource_opensearch_cluster_settings.go:388.16,390.3 1 0
github.com/opensearch-project/terraform-provider-opensearch/provider/resource_opensearch_cluster_settings.go:393.2,399.16 3 1
github.com/opensearch-project/terraform-provider-opensearch/provider/resource_opensearch_cluster_settings.go:399.16,401.3 1 0
github.com/opensearch-project/terraform-provider-opensearch/provider/resource_opensearch_cluster_settings.go:404.2,405.16 2 1
github.com/opensearch-project/terraform-provider-opensearch/provider/resource_opensearch_cluster_settings.go:405.16,407.3 1 0
github.com/opensearch-project/terraform-provider-opensearch/provider/resource_opensearch_cluster_settings.go:410.2,414.20 2 1
github.com/opensearch-project/terraform-provider-opensearch/provider/resource_opensearch_cluster_settings.go:417.47,419.16 2 1
github.com/opensearch-project/terraform-provider-opensearch/provider/resource_opensearch_cluster_settings.go:419.16,421.3 1 0
github.com/opensearch-project/terraform-provider-opensearch/provider/resource_opensearch_cluster_settings.go:422.2,437.16 3 1
github.com/opensearch-project/terraform-provider-opensearch/provider/resource_opensearch_cluster_settings.go:437.16,439.3 1 0
github.com/opensearch-project/terraform-provider-opensearch/provider/resource_opensearch_cluster_settings.go:441.2,441.12 1 1
github.com/opensearch-project/terraform-provider-opensearch/provider/resource_opensearch_cluster_settings.go:444.85,446.45 2 1
github.com/opensearch-project/terraform-provider-opensearch/provider/resource_opensearch_cluster_settings.go:446.45,448.41 2 1
github.com/opensearch-project/terraform-provider-opensearch/provider/resource_opensearch_cluster_settings.go:448.41,449.30 1 1
github.com/opensearch-project/terraform-provider-opensearch/provider/resource_opensearch_cluster_settings.go:449.30,450.44 1 1
github.com/opensearch-project/terraform-provider-opensearch/provider/resource_opensearch_cluster_settings.go:450.44,452.6 1 1
github.com/opensearch-project/terraform-provider-opensearch/provider/resource_opensearch_cluster_settings.go:453.10,455.5 1 1
github.com/opensearch-project/terraform-provider-opensearch/provider/resource_opensearch_cluster_settings.go:458.2,458.17 1 1
github.com/opensearch-project/terraform-provider-opensearch/provider/resource_opensearch_cluster_settings.go:461.101,462.45 1 1
github.com/opensearch-project/terraform-provider-opensearch/provider/resource_opensearch_cluster_settings.go:462.45,464.10 2 1
github.com/opensearch-project/terraform-provider-opensearch/provider/resource_opensearch_cluster_settings.go:464.10,465.12 1 1
github.com/opensearch-project/terraform-provider-opensearch/provider/resource_opensearch_cluster_settings.go:468.3,469.29 2 1
github.com/opensearch-project/terraform-provider-opensearch/provider/resource_opensearch_cluster_settings.go:469.29,470.45 1 1
github.com/opensearch-project/terraform-provider-opensearch/provider/resource_opensearch_cluster_settings.go:470.45,471.51 1 1
github.com/opensearch-project/terraform-provider-opensearch/provider/resource_opensearch_cluster_settings.go:471.51,473.6 1 0
github.com/opensearch-project/terraform-provider-opensearch/provider/resource_opensearch_cluster_settings.go:475.9,477.93 2 1
github.com/opensearch-project/terraform-provider-opensearch/provider/resource_opensearch_cluster_settings.go:477.93,479.19 2 1
github.com/opensearch-project/terraform-provider-opensearch/provider/resource_opensearch_cluster_settings.go:479.19,481.6 1 0
github.com/opensearch-project/terraform-provider-opensearch/provider/resource_opensearch_cluster_settings.go:482.10,482.102 1 1
github.com/opensearch-project/terraform-provider-opensearch/provider/resource_opensearch_cluster_settings.go:482.102,484.19 2 0
github.com/opensearch-project/terraform-provider-opensearch/provider/resource_opensearch_cluster_settings.go:484.19,486.6 1 0
github.com/opensearch-project/terraform-provider-opensearch/provider/resource_opensearch_cluster_settings.go:487.10,487.101 1 1
github.com/opensearch-project/terraform-provider-opensearch/provider/resource_opensearch_cluster_settings.go:487.101,489.19 2 0
github.com/opensearch-project/terraform-provider-opensearch/provider/resource_opensearch_cluster_settings.go:489.19,491.6 1 0
github.com/opensearch-project/terraform-provider-opensearch/provider/resource_opensearch_cluster_settings.go:494.4,494.51 1 1
github.com/opensearch-project/terraform-provider-opensearch/provider/resource_opensearch_cluster_settings.go:494.51,496.5 1 0
github.com/opensearch-project/terraform-provider-opensearch/provider/resource_opensearch_cluster_settings.go:499.2,499.12 1 1
github.com/opensearch-project/terraform-provider-opensearch/provider/resource_opensearch_cluster_settings.go:502.41,504.2 1 1
github.com/opensearch-project/terraform-provider-opensearch/provider/resource_opensearch_cluster_settings.go:506.54,508.28 2 1
github.com/opensearch-project/terraform-provider-opensearch/provider/resource_opensearch_cluster_settings.go:508.28,509.35 1 1
github.com/opensearch-project/terraform-provider-opensearch/provider/resource_opensearch_cluster_settings.go:509.35,511.4 1 1
github.com/opensearch-project/terraform-provider-opensearch/provider/resource_opensearch_cluster_settings.go:513.2,513.14 1 1
github.com/opensearch-project/terraform-provider-opensearch/provider/resource_opensearch_component_template.go:14.61,40.2 1 1
github.com/opensearch-project/terraform-provider-opensearch/provider/resource_opensearch_component_template.go:42.96,44.16 2 1
github.com/opensearch-project/terraform-provider-opensearch/provider/resource_opensearch_component_template.go:44.16,46.3 1 0
github.com/opensearch-project/terraform-provider-opensearch/provider/resource_opensearch_component_template.go:47.2,48.12 2 1
github.com/opensearch-project/terraform-provider-opensearch/provider/resource_opensearch_component_template.go:51.94,58.16 5 1
github.com/opensearch-project/terraform-provider-opensearch/provider/resource_opensearch_component_template.go:58.16,60.3 1 0
github.com/opensearch-project/terraform-provider-opensearch/provider/resource_opensearch_component_template.go:62.2,63.16 2 1
github.com/opensearch-project/terraform-provider-opensearch/provider/resource_opensearch_component_template.go:63.16,64.22 1 0
github.com/opensearch-project/terraform-provider-opensearch/provider/resource_opensearch_component_template.go:64.22,68.4 3 0
github.com/opensearch-project/terraform-provider-opensearch/provider/resource_opensearch_component_template.go:70.3,70.13 1 0
github.com/opensearch-project/terraform-provider-opensearch/provider/resource_opensearch_component_template.go:73.2,76.15 4 1
github.com/opensearch-project/terraform-provider-opensearch/provider/resource_opensearch_component_template.go:79.80,83.16 2 1
github.com/opensearch-project/terraform-provider-opensearch/provider/resource_opensearch_component_template.go:83.16,85.3 1 0
github.com/opensearch-project/terraform-provider-opensearch/provider/resource_opensearch_component_template.go:89.2,89.38 1 1
github.com/opensearch-project/terraform-provider-opensearch/provider/resource_opensearch_component_template.go:89.38,91.3 1 0
github.com/opensearch-project/terraform-provider-opensearch/provider/resource_opensearch_component_template.go:93.2,95.16 3 1
github.com/opensearch-project/terraform-provider-opensearch/provider/resource_opensearch_component_template.go:95.16,97.3 1 0
github.com/opensearch-project/terraform-provider-opensearch/provider/resource_opensearch_component_template.go:98.2,98.24 1 1
github.com/opensearch-project/terraform-provider-opensearch/provider/resource_opensearch_component_template.go:101.96,103.2 1 1
github.com/opensearch-project/terraform-provider-opensearch/provider/resource_opensearch_component_template.go:105.96,110.16 4 1
github.com/opensearch-project/terraform-provider-opensearch/provider/resource_opensearch_component_template.go:110.16,112.3 1 0
github.com/opensearch-project/terraform-provider-opensearch/provider/resource_opensearch_component_template.go:114.2,118.16 2 1
github.com/opensearch-project/terraform-provider-opensearch/provider/resource_opensearch_component_template.go:118.16,120.3 1 0
github.com/opensearch-project/terraform-provider-opensearch/provider/resource_opensearch_component_template.go:121.2,122.12 2 1
github.com/opensearch-project/terraform-provider-opensearch/provider/resource_opensearch_component_template.go:125.106,131.16 5 1
github.com/opensearch-project/terraform-provider-opensearch/provider/resource_opensearch_component_template.go:131.16,133.3 1 0
github.com/opensearch-project/terraform-provider-opensearch/provider/resource_opensearch_component_template.go:135.2,140.12 2 1
github.com/opensearch-project/terraform-provider-opensearch/provider/resource_opensearch_composable_index_template.go:14.67,40.2 1 1
github.com/opensearch-project/terraform-provider-opensearch/provider/resource_opensearch_composable_index_template.go:42.102,44.16 2 1
github.com/opensearch-project/terraform-provider-opensearch/provider/resource_opensearch_composable_index_template.go:44.16,46.3 1 0
github.com/opensearch-project/terraform-provider-opensearch/provider/resource_opensearch_composable_index_template.go:47.2,48.12 2 1
github.com/opensearch-project/terraform-provider-opensearch/provider/resource_opensearch_composable_index_template.go:51.100,58.16 5 1
github.com/opensearch-project/terraform-provider-opensearch/provider/resource_opensearch_composable_index_template.go:58.16,60.3 1 0
github.com/opensearch-project/terraform-provider-opensearch/provider/resource_opensearch_composable_index_template.go:61.2,62.16 2 1
github.com/opensearch-project/terraform-provider-opensearch/provider/resource_opensearch_composable_index_template.go:62.16,63.22 1 0
github.com/opensearch-project/terraform-provider-opensearch/provider/resource_opensearch_composable_index_template.go:63.22,67.4 3 0
github.com/opensearch-project/terraform-provider-opensearch/provider/resource_opensearch_composable_index_template.go:69.3,69.13 1 0
github.com/opensearch-project/terraform-provider-opensearch/provider/resource_opensearch_composable_index_template.go:72.2,75.15 4 1
github.com/opensearch-project/terraform-provider-opensearch/provider/resource_opensearch_composable_index_template.go:78.76,83.16 3 1
github.com/opensearch-project/terraform-provider-opensearch/provider/resource_opensearch_composable_index_template.go:83.16,85.3 1 0
github.com/opensearch-project/terraform-provider-opensearch/provider/resource_opensearch_composable_index_template.go:89.2,89.34 1 1
github.com/opensearch-project/terraform-provider-opensearch/provider/resource_opensearch_composable_index_template.go:89.34,91.3 1 0
github.com/opensearch-project/terraform-provider-opensearch/provider/resource_opensearch_composable_index_template.go:93.2,95.16 3 1
github.com/opensearch-project/terraform-provider-opensearch/provider/resource_opensearch_composable_index_template.go:95.16,97.3 1 0
github.com/opensearch-project/terraform-provider-opensearch/provider/resource_opensearch_composable_index_template.go:100.2,101.52 2 1
github.com/opensearch-project/terraform-provider-opensearch/provider/resource_opensearch_composable_index_template.go:101.52,103.3 1 0
github.com/opensearch-project/terraform-provider-opensearch/provider/resource_opensearch_composable_index_template.go:106.2,109.71 2 1
github.com/opensearch-project/terraform-provider-opensearch/provider/resource_opensearch_composable_index_template.go:109.71,111.3 1 1
github.com/opensearch-project/terraform-provider-opensearch/provider/resource_opensearch_composable_index_template.go:114.2,114.89 1 1
github.com/opensearch-project/terraform-provider-opensearch/provider/resource_opensearch_composable_index_template.go:114.89,116.3 1 1
github.com/opensearch-project/terraform-provider-opensearch/provider/resource_opensearch_composable_index_template.go:117.2,117.34 1 1
github.com/opensearch-project/terraform-provider-opensearch/provider/resource_opensearch_composable_index_template.go:117.34,119.3 1 1
github.com/opensearch-project/terraform-provider-opensearch/provider/resource_opensearch_composable_index_template.go:122.2,122.74 1 1
github.com/opensearch-project/terraform-provider-opensearch/provider/resource_opensearch_composable_index_template.go:122.74,123.29 1 1
github.com/opensearch-project/terraform-provider-opensearch/provider/resource_opensearch_composable_index_template.go:123.29,124.21 1 1
github.com/opensearch-project/terraform-provider-opensearch/provider/resource_opensearch_composable_index_template.go:124.21,126.5 1 1
github.com/opensearch-project/terraform-provider-opensearch/provider/resource_opensearch_composable_index_template.go:129.3,129.27 1 1
github.com/opensearch-project/terraform-provider-opensearch/provider/resource_opensearch_composable_index_template.go:129.27,131.4 1 1
github.com/opensearch-project/terraform-provider-opensearch/provider/resource_opensearch_composable_index_template.go:135.2,135.69 1 1
github.com/opensearch-project/terraform-provider-opensearch/provider/resource_opensearch_composable_index_template.go:135.69,136.30 1 1
github.com/opensearch-project/terraform-provider-opensearch/provider/resource_opensearch_composable_index_template.go:136.30,137.16 1 1
github.com/opensearch-project/terraform-provider-opensearch/provider/resource_opensearch_composable_index_template.go:137.16,139.5 1 1
github.com/opensearch-project/terraform-provider-opensearch/provider/resource_opensearch_composable_index_template.go:142.3,142.25 1 1
github.com/opensearch-project/terraform-provider-opensearch/provider/resource_opensearch_composable_index_template.go:142.25,144.4 1 1
github.com/opensearch-project/terraform-provider-opensearch/provider/resource_opensearch_composable_index_template.go:148.2,149.16 2 1
github.com/opensearch-project/terraform-provider-opensearch/provider/resource_opensearch_composable_index_template.go:149.16,151.3 1 0
github.com/opensearch-project/terraform-provider-opensearch/provider/resource_opensearch_composable_index_template.go:153.2,153.24 1 1
github.com/opensearch-project/terraform-provider-opensearch/provider/resource_opensearch_composable_index_template.go:156.102,158.2 1 1
github.com/opensearch-project/terraform-provider-opensearch/provider/resource_opensearch_composable_index_template.go:160.102,165.16 4 1
github.com/opensearch-project/terraform-provider-opensearch/provider/resource_opensearch_composable_index_template.go:165.16,167.3 1 0
github.com/opensearch-project/terraform-provider-opensearch/provider/resource_opensearch_composable_index_template.go:169.2,173.16 2 1
github.com/opensearch-project/terraform-provider-opensearch/provider/resource_opensearch_composable_index_template.go:173.16,175.3 1 0
github.com/opensearch-project/terraform-provider-opensearch/provider/resource_opensearch_composable_index_template.go:176.2,177.12 2 1
github.com/opensearch-project/terraform-provider-opensearch/provider/resource_opensearch_composable_index_template.go:180.112,186.16 5 1
github.com/opensearch-project/terraform-provider-opensearch/provider/resource_opensearch_composable_index_template.go:186.16,188.3 1 0
github.com/opensearch-project/terraform-provider-opensearch/provider/resource_opensearch_composable_index_template.go:190.2,195.12 2 1
github.com/opensearch-project/terraform-provider-opensearch/provider/resource_opensearch_dashboard_object.go:22.59,32.63 1 1
github.com/opensearch-project/terraform-provider-opensearch/provider/resource_opensearch_dashboard_object.go:32.63,34.19 2 1
github.com/opensearch-project/terraform-provider-opensearch/provider/resource_opensearch_dashboard_object.go:34.19,36.6 1 1
github.com/opensearch-project/terraform-provider-opensearch/provider/resource_opensearch_dashboard_object.go:37.5,38.19 2 1
github.com/opensearch-project/terraform-provider-opensearch/provider/resource_opensearch_dashboard_object.go:38.19,40.6 1 0
github.com/opensearch-project/terraform-provider-opensearch/provider/resource_opensearch_dashboard_object.go:41.5,41.69 1 1
github.com/opensearch-project/terraform-provider-opensearch/provider/resource_opensearch_dashboard_object.go:47.85,49.13 2 1
github.com/opensearch-project/terraform-provider-opensearch/provider/resource_opensearch_dashboard_object.go:49.13,52.7 2 0
github.com/opensearch-project/terraform-provider-opensearch/provider/resource_opensearch_dashboard_object.go:54.6,54.64 1 1
github.com/opensearch-project/terraform-provider-opensearch/provider/resource_opensearch_dashboard_object.go:54.64,57.7 2 0
github.com/opensearch-project/terraform-provider-opensearch/provider/resource_opensearch_dashboard_object.go:59.6,60.61 2 1
github.com/opensearch-project/terraform-provider-opensearch/provider/resource_opensearch_dashboard_object.go:60.61,63.7 2 1
github.com/opensearch-project/terraform-provider-opensearch/provider/resource_opensearch_dashboard_object.go:65.6,65.29 1 1
github.com/opensearch-project/terraform-provider-opensearch/provider/resource_opensearch_dashboard_object.go:65.29,67.14 2 1
github.com/opensearch-project/terraform-provider-opensearch/provider/resource_opensearch_dashboard_object.go:67.14,69.16 2 0
github.com/opensearch-project/terraform-provider-opensearch/provider/resource_opensearch_dashboard_object.go:72.7,72.52 1 1
github.com/opensearch-project/terraform-provider-opensearch/provider/resource_opensearch_dashboard_object.go:72.52,73.37 1 1
github.com/opensearch-project/terraform-provider-opensearch/provider/resource_opensearch_dashboard_object.go:73.37,75.9 1 0
github.com/opensearch-project/terraform-provider-opensearch/provider/resource_opensearch_dashboard_object.go:78.6,78.29 1 1
github.com/opensearch-project/terraform-provider-opensearch/provider/resource_opensearch_dashboard_object.go:80.43,83.6 2 1
github.com/opensearch-project/terraform-provider-opensearch/provider/resource_opensearch_dashboard_object.go:106.94,109.16 2 1
github.com/opensearch-project/terraform-provider-opensearch/provider/resource_opensearch_dashboard_object.go:109.16,111.3 1 0
github.com/opensearch-project/terraform-provider-opensearch/provider/resource_opensearch_dashboard_object.go:112.2,113.16 2 1
github.com/opensearch-project/terraform-provider-opensearch/provider/resource_opensearch_dashboard_object.go:113.16,115.3 1 0
github.com/opensearch-project/terraform-provider-opensearch/provider/resource_opensearch_dashboard_object.go:118.2,118.76 1 1
github.com/opensearch-project/terraform-provider-opensearch/provider/resource_opensearch_dashboard_object.go:118.76,120.3 1 0
github.com/opensearch-project/terraform-provider-opensearch/provider/resource_opensearch_dashboard_object.go:121.2,122.16 2 1
github.com/opensearch-project/terraform-provider-opensearch/provider/resource_opensearch_dashboard_object.go:122.16,124.3 1 0
github.com/opensearch-project/terraform-provider-opensearch/provider/resource_opensearch_dashboard_object.go:127.2,128.55 2 1
github.com/opensearch-project/terraform-provider-opensearch/provider/resource_opensearch_dashboard_object.go:131.92,134.16 2 1
github.com/opensearch-project/terraform-provider-opensearch/provider/resource_opensearch_dashboard_object.go:134.16,136.3 1 0
github.com/opensearch-project/terraform-provider-opensearch/provider/resource_opensearch_dashboard_object.go:137.2,138.16 2 1
github.com/opensearch-project/terraform-provider-opensearch/provider/resource_opensearch_dashboard_object.go:138.16,140.3 1 0
github.com/opensearch-project/terraform-provider-opensearch/provider/resource_opensearch_dashboard_object.go:143.2,144.16 2 1
github.com/opensearch-project/terraform-provider-opensearch/provider/resource_opensearch_dashboard_object.go:144.16,145.22 1 0
github.com/opensearch-project/terraform-provider-opensearch/provider/resource_opensearch_dashboard_object.go:145.22,149.4 3 0
github.com/opensearch-project/terraform-provider-opensearch/provider/resource_opensearch_dashboard_object.go:150.3,150.70 1 0
github.com/opensearch-project/terraform-provider-opensearch/provider/resource_opensearch_dashboard_object.go:156.2,159.63 3 1
github.com/opensearch-project/terraform-provider-opensearch/provider/resource_opensearch_dashboard_object.go:159.63,161.3 1 0
github.com/opensearch-project/terraform-provider-opensearch/provider/resource_opensearch_dashboard_object.go:163.2,164.39 2 1
github.com/opensearch-project/terraform-provider-opensearch/provider/resource_opensearch_dashboard_object.go:164.39,166.3 1 1
github.com/opensearch-project/terraform-provider-opensearch/provider/resource_opensearch_dashboard_object.go:168.2,169.33 2 1
github.com/opensearch-project/terraform-provider-opensearch/provider/resource_opensearch_dashboard_object.go:169.33,170.17 1 1
github.com/opensearch-project/terraform-provider-opensearch/provider/resource_opensearch_dashboard_object.go:170.17,173.4 1 1
github.com/opensearch-project/terraform-provider-opensearch/provider/resource_opensearch_dashboard_object.go:173.9,173.28 1 1
github.com/opensearch-project/terraform-provider-opensearch/provider/resource_opensearch_dashboard_object.go:173.28,176.4 1 1
github.com/opensearch-project/terraform-provider-opensearch/provider/resource_opensearch_dashboard_object.go:176.9,178.4 1 0
github.com/opensearch-project/terraform-provider-opensearch/provider/resource_opensearch_dashboard_object.go:180.2,181.16 2 1
github.com/opensearch-project/terraform-provider-opensearch/provider/resource_opensearch_dashboard_object.go:181.16,183.3 1 0
github.com/opensearch-project/terraform-provider-opensearch/provider/resource_opensearch_dashboard_object.go:187.2,190.15 3 1
github.com/opensearch-project/terraform-provider-opensearch/provider/resource_opensearch_dashboard_object.go:193.94,196.16 2 0
github.com/opensearch-project/terraform-provider-opensearch/provider/resource_opensearch_dashboard_object.go:196.16,198.3 1 0
github.com/opensearch-project/terraform-provider-opensearch/provider/resource_opensearch_dashboard_object.go:199.2,200.16 2 0
github.com/opensearch-project/terraform-provider-opensearch/provider/resource_opensearch_dashboard_object.go:200.16,202.3 1 0
github.com/opensearch-project/terraform-provider-opensearch/provider/resource_opensearch_dashboard_object.go:205.2,206.16 2 0
github.com/opensearch-project/terraform-provider-opensearch/provider/resource_opensearch_dashboard_object.go:206.16,208.3 1 0
github.com/opensearch-project/terraform-provider-opensearch/provider/resource_opensearch_dashboard_object.go:211.2,212.55 2 0
github.com/opensearch-project/terraform-provider-opensearch/provider/resource_opensearch_dashboard_object.go:215.94,218.16 2 1
github.com/opensearch-project/terraform-provider-opensearch/provider/resource_opensearch_dashboard_object.go:218.16,220.3 1 0
github.com/opensearch-project/terraform-provider-opensearch/provider/resource_opensearch_dashboard_object.go:221.2,227.25 5 1
github.com/opensearch-project/terraform-provider-opensearch/provider/resource_opensearch_dashboard_object.go:227.25,229.17 2 1
github.com/opensearch-project/terraform-provider-opensearch/provider/resource_opensearch_dashboard_object.go:229.17,231.4 1 0
github.com/opensearch-project/terraform-provider-opensearch/provider/resource_opensearch_dashboard_object.go:235.2,235.20 1 1
github.com/opensearch-project/terraform-provider-opensearch/provider/resource_opensearch_dashboard_object.go:235.20,237.3 1 1
github.com/opensearch-project/terraform-provider-opensearch/provider/resource_opensearch_dashboard_object.go:240.2,240.71 1 1
github.com/opensearch-project/terraform-provider-opensearch/provider/resource_opensearch_dashboard_object.go:243.84,251.16 4 1
github.com/opensearch-project/terraform-provider-opensearch/provider/resource_opensearch_dashboard_object.go:251.16,254.23 1 0
github.com/opensearch-project/terraform-provider-opensearch/provider/resource_opensearch_dashboard_object.go:254.23,256.4 1 0
github.com/opensearch-project/terraform-provider-opensearch/provider/resource_opensearch_dashboard_object.go:258.8,258.51 1 1
github.com/opensearch-project/terraform-provider-opensearch/provider/resource_opensearch_dashboard_object.go:258.51,261.3 1 1
github.com/opensearch-project/terraform-provider-opensearch/provider/resource_opensearch_dashboard_object.go:264.2,269.16 3 0
github.com/opensearch-project/terraform-provider-opensearch/provider/resource_opensearch_dashboard_object.go:269.16,271.3 1 0
github.com/opensearch-project/terraform-provider-opensearch/provider/resource_opensearch_dashboard_object.go:273.2,273.29 1 0
github.com/opensearch-project/terraform-provider-opensearch/provider/resource_opensearch_dashboard_object.go:273.29,276.3 2 0
github.com/opensearch-project/terraform-provider-opensearch/provider/resource_opensearch_dashboard_object.go:278.2,278.89 1 0
github.com/opensearch-project/terraform-provider-opensearch/provider/resource_opensearch_dashboard_object.go:290.86,292.16 2 1
github.com/opensearch-project/terraform-provider-opensearch/provider/resource_opensearch_dashboard_object.go:292.16,294.3 1 0
github.com/opensearch-project/terraform-provider-opensearch/provider/resource_opensearch_dashboard_object.go:296.2,298.22 3 1
github.com/opensearch-project/terraform-provider-opensearch/provider/resource_opensearch_dashboard_object.go:298.22,300.17 2 1
github.com/opensearch-project/terraform-provider-opensearch/provider/resource_opensearch_dashboard_object.go:300.17,302.4 1 0
github.com/opensearch-project/terraform-provider-opensearch/provider/resource_opensearch_dashboard_object.go:305.2,305.21 1 1
github.com/opensearch-project/terraform-provider-opensearch/provider/resource_opensearch_dashboard_object.go:305.21,307.3 1 1
github.com/opensearch-project/terraform-provider-opensearch/provider/resource_opensearch_dashboard_object.go:308.2,313.8 1 1
github.com/opensearch-project/terraform-provider-opensearch/provider/resource_opensearch_dashboard_object.go:316.71,318.9 2 1
github.com/opensearch-project/terraform-provider-opensearch/provider/resource_opensearch_dashboard_object.go:318.9,320.3 1 0
github.com/opensearch-project/terraform-provider-opensearch/provider/resource_opensearch_dashboard_object.go:322.2,323.66 2 1
github.com/opensearch-project/terraform-provider-opensearch/provider/resource_opensearch_dashboard_object.go:323.66,325.3 1 1
github.com/opensearch-project/terraform-provider-opensearch/provider/resource_opensearch_dashboard_object.go:326.2,326.20 1 1
github.com/opensearch-project/terraform-provider-opensearch/provider/resource_opensearch_dashboard_object.go:326.20,328.3 1 0
github.com/opensearch-project/terraform-provider-opensearch/provider/resource_opensearch_dashboard_object.go:330.2,331.9 2 1
github.com/opensearch-project/terraform-provider-opensearch/provider/resource_opensearch_dashboard_object.go:331.9,333.3 1 0
github.com/opensearch-project/terraform-provider-opensearch/provider/resource_opensearch_dashboard_object.go:335.2,335.29 1 1
github.com/opensearch-project/terraform-provider-opensearch/provider/resource_opensearch_dashboard_object.go:344.111,347.16 2 1
github.com/opensearch-project/terraform-provider-opensearch/provider/resource_opensearch_dashboard_object.go:347.16,349.3 1 0
github.com/opensearch-project/terraform-provider-opensearch/provider/resource_opensearch_dashboard_object.go:352.2,356.16 3 1
github.com/opensearch-project/terraform-provider-opensearch/provider/resource_opensearch_dashboard_object.go:356.16,358.3 1 0
github.com/opensearch-project/terraform-provider-opensearch/provider/resource_opensearch_dashboard_object.go:359.2,362.24 2 1
github.com/opensearch-project/terraform-provider-opensearch/provider/resource_opensearch_dashboard_object.go:362.24,364.3 1 1
github.com/opensearch-project/terraform-provider-opensearch/provider/resource_opensearch_dashboard_object.go:367.2,368.16 2 1
github.com/opensearch-project/terraform-provider-opensearch/provider/resource_opensearch_dashboard_object.go:368.16,370.3 1 0
github.com/opensearch-project/terraform-provider-opensearch/provider/resource_opensearch_dashboard_object.go:371.2,375.16 3 1
github.com/opensearch-project/terraform-provider-opensearch/provider/resource_opensearch_dashboard_object.go:375.16,377.3 1 0
github.com/opensearch-project/terraform-provider-opensearch/provider/resource_opensearch_dashboard_object.go:380.2,380.53 1 1
github.com/opensearch-project/terraform-provider-opensearch/provider/resource_opensearch_dashboard_object.go:380.53,382.3 1 0
github.com/opensearch-project/terraform-provider-opensearch/provider/resource_opensearch_dashboard_object.go:385.2,386.54 2 1
github.com/opensearch-project/terraform-provider-opensearch/provider/resource_opensearch_dashboard_object.go:386.54,388.3 1 0
github.com/opensearch-project/terraform-provider-opensearch/provider/resource_opensearch_dashboard_object.go:391.2,393.21 2 1
github.com/opensearch-project/terraform-provider-opensearch/provider/resource_opensearch_dashboard_object.go:404.99,410.16 3 1
github.com/opensearch-project/terraform-provider-opensearch/provider/resource_opensearch_dashboard_object.go:410.16,412.3 1 0
github.com/opensearch-project/terraform-provider-opensearch/provider/resource_opensearch_dashboard_object.go:415.2,415.24 1 1
github.com/opensearch-project/terraform-provider-opensearch/provider/resource_opensearch_dashboard_object.go:415.24,417.3 1 1
github.com/opensearch-project/terraform-provider-opensearch/provider/resource_opensearch_dashboard_object.go:420.2,421.16 2 1
github.com/opensearch-project/terraform-provider-opensearch/provider/resource_opensearch_dashboard_object.go:421.16,423.3 1 0
github.com/opensearch-project/terraform-provider-opensearch/provider/resource_opensearch_dashboard_object.go:424.2,428.16 3 1
github.com/opensearch-project/terraform-provider-opensearch/provider/resource_opensearch_dashboard_object.go:428.16,430.3 1 0
github.com/opensearch-project/terraform-provider-opensearch/provider/resource_opensearch_dashboard_object.go:433.2,433.44 1 1
github.com/opensearch-project/terraform-provider-opensearch/provider/resource_opensearch_dashboard_object.go:433.44,435.3 1 0
github.com/opensearch-project/terraform-provider-opensearch/provider/resource_opensearch_dashboard_object.go:438.2,438.53 1 1
github.com/opensearch-project/terraform-provider-opensearch/provider/resource_opensearch_dashboard_object.go:438.53,440.3 1 0
github.com/opensearch-project/terraform-provider-opensearch/provider/resource_opensearch_dashboard_object.go:443.2,444.54 2 1
github.com/opensearch-project/terraform-provider-opensearch/provider/resource_opensearch_dashboard_object.go:444.54,446.3 1 0
github.com/opensearch-project/terraform-provider-opensearch/provider/resource_opensearch_dashboard_object.go:448.2,448.21 1 1
github.com/opensearch-project/terraform-provider-opensearch/provider/resource_opensearch_dashboard_object.go:451.90,457.16 3 1
github.com/opensearch-project/terraform-provider-opensearch/provider/resource_opensearch_dashboard_object.go:457.16,459.3 1 0
github.com/opensearch-project/terraform-provider-opensearch/provider/resource_opensearch_dashboard_object.go:462.2,462.22 1 1
github.com/opensearch-project/terraform-provider-opensearch/provider/resource_opensearch_dashboard_object.go:462.22,464.3 1 1
github.com/opensearch-project/terraform-provider-opensearch/provider/resource_opensearch_dashboard_object.go:467.2,468.16 2 1
github.com/opensearch-project/terraform-provider-opensearch/provider/resource_opensearch_dashboard_object.go:468.16,470.3 1 0
github.com/opensearch-project/terraform-provider-opensearch/provider/resource_opensearch_dashboard_object.go:471.2,475.16 3 1
github.com/opensearch-project/terraform-provider-opensearch/provider/resource_opensearch_dashboard_object.go:475.16,477.3 1 0
github.com/opensearch-project/terraform-provider-opensearch/provider/resource_opensearch_dashboard_object.go:481.2,481.12 1 1
github.com/opensearch-project/terraform-provider-opensearch/provider/resource_opensearch_dashboard_tenant.go:34.59,46.2 1 1
github.com/opensearch-project/terraform-provider-opensearch/provider/resource_opensearch_dashboard_tenant.go:48.101,49.80 1 1
github.com/opensearch-project/terraform-provider-opensearch/provider/resource_opensearch_dashboard_tenant.go:49.80,52.3 2 0
github.com/opensearch-project/terraform-provider-opensearch/provider/resource_opensearch_dashboard_tenant.go:54.2,56.62 3 1
github.com/opensearch-project/terraform-provider-opensearch/provider/resource_opensearch_dashboard_tenant.go:59.99,62.16 2 1
github.com/opensearch-project/terraform-provider-opensearch/provider/resource_opensearch_dashboard_tenant.go:62.16,63.22 1 0
github.com/opensearch-project/terraform-provider-opensearch/provider/resource_opensearch_dashboard_tenant.go:63.22,67.4 3 0
github.com/opensearch-project/terraform-provider-opensearch/provider/resource_opensearch_dashboard_tenant.go:68.3,68.13 1 0
github.com/opensearch-project/terraform-provider-opensearch/provider/resource_opensearch_dashboard_tenant.go:71.2,71.53 1 1
github.com/opensearch-project/terraform-provider-opensearch/provider/resource_opensearch_dashboard_tenant.go:71.53,73.3 1 0
github.com/opensearch-project/terraform-provider-opensearch/provider/resource_opensearch_dashboard_tenant.go:74.2,74.62 1 1
github.com/opensearch-project/terraform-provider-opensearch/provider/resource_opensearch_dashboard_tenant.go:74.62,76.3 1 0
github.com/opensearch-project/terraform-provider-opensearch/provider/resource_opensearch_dashboard_tenant.go:78.2,79.16 2 1
github.com/opensearch-project/terraform-provider-opensearch/provider/resource_opensearch_dashboard_tenant.go:79.16,81.3 1 0
github.com/opensearch-project/terraform-provider-opensearch/provider/resource_opensearch_dashboard_tenant.go:82.2,82.46 1 1
github.com/opensearch-project/terraform-provider-opensearch/provider/resource_opensearch_dashboard_tenant.go:82.46,84.3 1 0
github.com/opensearch-project/terraform-provider-opensearch/provider/resource_opensearch_dashboard_tenant.go:86.2,86.12 1 1
github.com/opensearch-project/terraform-provider-opensearch/provider/resource_opensearch_dashboard_tenant.go:89.87,92.30 2 1
github.com/opensearch-project/terraform-provider-opensearch/provider/resource_opensearch_dashboard_tenant.go:92.30,95.3 2 1
github.com/opensearch-project/terraform-provider-opensearch/provider/resource_opensearch_dashboard_tenant.go:97.2,98.16 2 1
github.com/opensearch-project/terraform-provider-opensearch/provider/resource_opensearch_dashboard_tenant.go:98.16,100.3 1 0
github.com/opensearch-project/terraform-provider-opensearch/provider/resource_opensearch_dashboard_tenant.go:101.2,104.83 2 1
github.com/opensearch-project/terraform-provider-opensearch/provider/resource_opensearch_dashboard_tenant.go:107.101,108.80 1 1
github.com/opensearch-project/terraform-provider-opensearch/provider/resource_opensearch_dashboard_tenant.go:108.80,110.3 1 0
github.com/opensearch-project/terraform-provider-opensearch/provider/resource_opensearch_dashboard_tenant.go:112.2,112.62 1 1
github.com/opensearch-project/terraform-provider-opensearch/provider/resource_opensearch_dashboard_tenant.go:115.101,119.16 3 1
github.com/opensearch-project/terraform-provider-opensearch/provider/resource_opensearch_dashboard_tenant.go:119.16,121.3 1 0
github.com/opensearch-project/terraform-provider-opensearch/provider/resource_opensearch_dashboard_tenant.go:124.2,126.52 3 1
github.com/opensearch-project/terraform-provider-opensearch/provider/resource_opensearch_dashboard_tenant.go:126.52,127.18 1 1
github.com/opensearch-project/terraform-provider-opensearch/provider/resource_opensearch_dashboard_tenant.go:127.18,130.4 1 0
github.com/opensearch-project/terraform-provider-opensearch/provider/resource_opensearch_dashboard_tenant.go:132.3,133.17 2 1
github.com/opensearch-project/terraform-provider-opensearch/provider/resource_opensearch_dashboard_tenant.go:133.17,135.4 1 0
github.com/opensearch-project/terraform-provider-opensearch/provider/resource_opensearch_dashboard_tenant.go:137.3,138.17 2 1
github.com/opensearch-project/terraform-provider-opensearch/provider/resource_opensearch_dashboard_tenant.go:138.17,140.99 1 1
github.com/opensearch-project/terraform-provider-opensearch/provider/resource_opensearch_dashboard_tenant.go:140.99,141.10 1 1
github.com/opensearch-project/terraform-provider-opensearch/provider/resource_opensearch_dashboard_tenant.go:143.4,143.21 1 0
github.com/opensearch-project/terraform-provider-opensearch/provider/resource_opensearch_dashboard_tenant.go:147.2,147.16 1 1
github.com/opensearch-project/terraform-provider-opensearch/provider/resource_opensearch_dashboard_tenant.go:147.16,149.3 1 0
github.com/opensearch-project/terraform-provider-opensearch/provider/resource_opensearch_dashboard_tenant.go:150.2,153.53 2 1
github.com/opensearch-project/terraform-provider-opensearch/provider/resource_opensearch_dashboard_tenant.go:153.53,155.3 1 1
github.com/opensearch-project/terraform-provider-opensearch/provider/resource_opensearch_dashboard_tenant.go:157.2,157.86 1 0
github.com/opensearch-project/terraform-provider-opensearch/provider/resource_opensearch_dashboard_tenant.go:160.105,167.16 5 1
github.com/opensearch-project/terraform-provider-opensearch/provider/resource_opensearch_dashboard_tenant.go:167.16,169.3 1 0
github.com/opensearch-project/terraform-provider-opensearch/provider/resource_opensearch_dashboard_tenant.go:171.2,172.16 2 1
github.com/opensearch-project/terraform-provider-opensearch/provider/resource_opensearch_dashboard_tenant.go:172.16,174.3 1 0
github.com/opensearch-project/terraform-provider-opensearch/provider/resource_opensearch_dashboard_tenant.go:176.2,177.16 2 1
github.com/opensearch-project/terraform-provider-opensearch/provider/resource_opensearch_dashboard_tenant.go:177.16,179.3 1 0
github.com/opensearch-project/terraform-provider-opensearch/provider/resource_opensearch_dashboard_tenant.go:180.2,183.16 3 1
github.com/opensearch-project/terraform-provider-opensearch/provider/resource_opensearch_dashboard_tenant.go:183.16,185.3 1 0
github.com/opensearch-project/terraform-provider-opensearch/provider/resource_opensearch_dashboard_tenant.go:187.2,187.44 1 1
github.com/opensearch-project/terraform-provider-opensearch/provider/resource_opensearch_dashboard_tenant.go:187.44,189.3 1 1
github.com/opensearch-project/terraform-provider-opensearch/provider/resource_opensearch_dashboard_tenant.go:191.2,191.38 1 1
github.com/opensearch-project/terraform-provider-opensearch/provider/resource_opensearch_dashboard_tenant.go:191.38,193.3 1 0
github.com/opensearch-project/terraform-provider-opensearch/provider/resource_opensearch_dashboard_tenant.go:195.2,197.64 2 1
github.com/opensearch-project/terraform-provider-opensearch/provider/resource_opensearch_dashboard_tenant.go:197.64,199.3 1 0
github.com/opensearch-project/terraform-provider-opensearch/provider/resource_opensearch_dashboard_tenant.go:201.2,203.21 2 1
github.com/opensearch-project/terraform-provider-opensearch/provider/resource_opensearch_dashboard_tenant.go:206.117,214.16 4 1
github.com/opensearch-project/terraform-provider-opensearch/provider/resource_opensearch_dashboard_tenant.go:214.16,216.3 1 0
github.com/opensearch-project/terraform-provider-opensearch/provider/resource_opensearch_dashboard_tenant.go:218.2,221.16 3 1
github.com/opensearch-project/terraform-provider-opensearch/provider/resource_opensearch_dashboard_tenant.go:221.16,223.3 1 0
github.com/opensearch-project/terraform-provider-opensearch/provider/resource_opensearch_dashboard_tenant.go:226.2,229.52 4 1
github.com/opensearch-project/terraform-provider-opensearch/provider/resource_opensearch_dashboard_tenant.go:229.52,230.18 1 1
github.com/opensearch-project/terraform-provider-opensearch/provider/resource_opensearch_dashboard_tenant.go:230.18,233.4 1 0
github.com/opensearch-project/terraform-provider-opensearch/provider/resource_opensearch_dashboard_tenant.go:235.3,236.17 2 1
github.com/opensearch-project/terraform-provider-opensearch/provider/resource_opensearch_dashboard_tenant.go:236.17,238.4 1 0
github.com/opensearch-project/terraform-provider-opensearch/provider/resource_opensearch_dashboard_tenant.go:239.3,242.17 3 1
github.com/opensearch-project/terraform-provider-opensearch/provider/resource_opensearch_dashboard_tenant.go:242.17,246.18 3 1
github.com/opensearch-project/terraform-provider-opensearch/provider/resource_opensearch_dashboard_tenant.go:246.18,248.5 1 0
github.com/opensearch-project/terraform-provider-opensearch/provider/resource_opensearch_dashboard_tenant.go:251.4,251.99 1 1
github.com/opensearch-project/terraform-provider-opensearch/provider/resource_opensearch_dashboard_tenant.go:251.99,252.10 1 1
github.com/opensearch-project/terraform-provider-opensearch/provider/resource_opensearch_dashboard_tenant.go:257.2,257.16 1 1
github.com/opensearch-project/terraform-provider-opensearch/provider/resource_opensearch_dashboard_tenant.go:257.16,259.3 1 0
github.com/opensearch-project/terraform-provider-opensearch/provider/resource_opensearch_dashboard_tenant.go:261.2,261.53 1 1
github.com/opensearch-project/terraform-provider-opensearch/provider/resource_opensearch_dashboard_tenant.go:261.53,263.3 1 0
github.com/opensearch-project/terraform-provider-opensearch/provider/resource_opensearch_dashboard_tenant.go:265.2,265.55 1 1
github.com/opensearch-project/terraform-provider-opensearch/provider/resource_opensearch_dashboard_tenant.go:265.55,267.3 1 0
github.com/opensearch-project/terraform-provider-opensearch/provider/resource_opensearch_dashboard_tenant.go:269.2,269.22 1 1
github.com/opensearch-project/terraform-provider-opensearch/provider/resource_opensearch_data_stream.go:11.54,29.2 1 1
github.com/opensearch-project/terraform-provider-opensearch/provider/resource_opensearch_data_stream.go:31.89,33.16 2 1
github.com/opensearch-project/terraform-provider-opensearch/provider/resource_opensearch_data_stream.go:33.16,35.3 1 0
github.com/opensearch-project/terraform-provider-opensearch/provider/resource_opensearch_data_stream.go:36.2,37.50 2 1
github.com/opensearch-project/terraform-provider-opensearch/provider/resource_opensearch_data_stream.go:40.87,45.16 4 1
github.com/opensearch-project/terraform-provider-opensearch/provider/resource_opensearch_data_stream.go:45.16,47.3 1 0
github.com/opensearch-project/terraform-provider-opensearch/provider/resource_opensearch_data_stream.go:48.2,49.16 2 1
github.com/opensearch-project/terraform-provider-opensearch/provider/resource_opensearch_data_stream.go:49.16,50.22 1 0
github.com/opensearch-project/terraform-provider-opensearch/provider/resource_opensearch_data_stream.go:50.22,54.4 3 0
github.com/opensearch-project/terraform-provider-opensearch/provider/resource_opensearch_data_stream.go:56.3,56.13 1 0
github.com/opensearch-project/terraform-provider-opensearch/provider/resource_opensearch_data_stream.go:59.2,61.15 3 1
github.com/opensearch-project/terraform-provider-opensearch/provider/resource_opensearch_data_stream.go:64.89,68.16 4 1
github.com/opensearch-project/terraform-provider-opensearch/provider/resource_opensearch_data_stream.go:68.16,70.3 1 0
github.com/opensearch-project/terraform-provider-opensearch/provider/resource_opensearch_data_stream.go:72.2,76.16 2 1
github.com/opensearch-project/terraform-provider-opensearch/provider/resource_opensearch_data_stream.go:76.16,78.3 1 0
github.com/opensearch-project/terraform-provider-opensearch/provider/resource_opensearch_data_stream.go:79.2,80.12 2 1
github.com/opensearch-project/terraform-provider-opensearch/provider/resource_opensearch_data_stream.go:83.86,88.16 4 1
github.com/opensearch-project/terraform-provider-opensearch/provider/resource_opensearch_data_stream.go:88.16,90.3 1 0
github.com/opensearch-project/terraform-provider-opensearch/provider/resource_opensearch_data_stream.go:92.2,96.12 2 1
github.com/opensearch-project/terraform-provider-opensearch/provider/resource_opensearch_data_stream.go:99.63,104.2 2 1
github.com/opensearch-project/terraform-provider-opensearch/provider/resource_opensearch_index.go:376.76,378.5 1 1
github.com/opensearch-project/terraform-provider-opensearch/provider/resource_opensearch_index.go:432.49,444.2 1 1
github.com/opensearch-project/terraform-provider-opensearch/provider/resource_opensearch_index.go:446.84,454.23 2 1
github.com/opensearch-project/terraform-provider-opensearch/provider/resource_opensearch_index.go:454.23,456.3 1 1
github.com/opensearch-project/terraform-provider-opensearch/provider/resource_opensearch_index.go:458.2,458.45 1 1
github.com/opensearch-project/terraform-provider-opensearch/provider/resource_opensearch_index.go:458.45,462.17 4 1
github.com/opensearch-project/terraform-provider-opensearch/provider/resource_opensearch_index.go:462.17,464.4 1 0
github.com/opensearch-project/terraform-provider-opensearch/provider/resource_opensearch_index.go:465.3,465.28 1 1
github.com/opensearch-project/terraform-provider-opensearch/provider/resource_opensearch_index.go:468.2,471.58 3 1
github.com/opensearch-project/terraform-provider-opensearch/provider/resource_opensearch_index.go:471.58,475.17 4 1
github.com/opensearch-project/terraform-provider-opensearch/provider/resource_opensearch_index.go:475.17,477.4 1 0
github.com/opensearch-project/terraform-provider-opensearch/provider/resource_opensearch_index.go:478.3,478.34 1 1
github.com/opensearch-project/terraform-provider-opensearch/provider/resource_opensearch_index.go:480.2,480.60 1 1
github.com/opensearch-project/terraform-provider-opensearch/provider/resource_opensearch_index.go:480.60,484.17 4 1
github.com/opensearch-project/terraform-provider-opensearch/provider/resource_opensearch_index.go:484.17,486.4 1 0
github.com/opensearch-project/terraform-provider-opensearch/provider/resource_opensearch_index.go:487.3,487.36 1 1
github.com/opensearch-project/terraform-provider-opensearch/provider/resource_opensearch_index.go:489.2,489.54 1 1
github.com/opensearch-project/terraform-provider-opensearch/provider/resource_opensearch_index.go:489.54,493.17 4 1
github.com/opensearch-project/terraform-provider-opensearch/provider/resource_opensearch_index.go:493.17,495.4 1 0
github.com/opensearch-project/terraform-provider-opensearch/provider/resource_opensearch_index.go:496.3,496.30 1 1
github.com/opensearch-project/terraform-provider-opensearch/provider/resource_opensearch_index.go:498.2,498.59 1 1
github.com/opensearch-project/terraform-provider-opensearch/provider/resource_opensearch_index.go:498.59,502.17 4 1
github.com/opensearch-project/terraform-provider-opensearch/provider/resource_opensearch_index.go:502.17,504.4 1 0
github.com/opensearch-project/terraform-provider-opensearch/provider/resource_opensearch_index.go:505.3,505.35 1 1
github.com/opensearch-project/terraform-provider-opensearch/provider/resource_opensearch_index.go:507.2,507.62 1 1
github.com/opensearch-project/terraform-provider-opensearch/provider/resource_opensearch_index.go:507.62,511.17 4 1
github.com/opensearch-project/terraform-provider-opensearch/provider/resource_opensearch_index.go:511.17,513.4 1 0
github.com/opensearch-project/terraform-provider-opensearch/provider/resource_opensearch_index.go:514.3,514.38 1 1
github.com/opensearch-project/terraform-provider-opensearch/provider/resource_opensearch_index.go:517.2,517.49 1 1
github.com/opensearch-project/terraform-provider-opensearch/provider/resource_opensearch_index.go:517.49,521.17 4 1
github.com/opensearch-project/terraform-provider-opensearch/provider/resource_opensearch_index.go:521.17,523.4 1 0
github.com/opensearch-project/terraform-provider-opensearch/provider/resource_opensearch_index.go:524.3,524.30 1 1
github.com/opensearch-project/terraform-provider-opensearch/provider/resource_opensearch_index.go:528.2,528.79 1 1
github.com/opensearch-project/terraform-provider-opensearch/provider/resource_opensearch_index.go:528.79,532.17 4 1
github.com/opensearch-project/terraform-provider-opensearch/provider/resource_opensearch_index.go:532.17,534.4 1 0
github.com/opensearch-project/terraform-provider-opensearch/provider/resource_opensearch_index.go:535.3,535.64 1 1
github.com/opensearch-project/terraform-provider-opensearch/provider/resource_opensearch_index.go:540.2,545.16 3 1
github.com/opensearch-project/terraform-provider-opensearch/provider/resource_opensearch_index.go:545.16,547.3 1 0
github.com/opensearch-project/terraform-provider-opensearch/provider/resource_opensearch_index.go:550.2,551.16 2 1
github.com/opensearch-project/terraform-provider-opensearch/provider/resource_opensearch_index.go:551.16,553.3 1 0
github.com/opensearch-project/terraform-provider-opensearch/provider/resource_opensearch_index.go:558.2,564.16 3 1
github.com/opensearch-project/terraform-provider-opensearch/provider/resource_opensearch_index.go:564.16,566.3 1 1
github.com/opensearch-project/terraform-provider-opensearch/provider/resource_opensearch_index.go:568.2,568.24 1 1
github.com/opensearch-project/terraform-provider-opensearch/provider/resource_opensearch_index.go:568.24,570.3 1 0
github.com/opensearch-project/terraform-provider-opensearch/provider/resource_opensearch_index.go:572.2,576.45 3 1
github.com/opensearch-project/terraform-provider-opensearch/provider/resource_opensearch_index.go:579.83,581.35 2 1
github.com/opensearch-project/terraform-provider-opensearch/provider/resource_opensearch_index.go:581.35,583.41 2 1
github.com/opensearch-project/terraform-provider-opensearch/provider/resource_opensearch_index.go:583.41,586.4 2 1
github.com/opensearch-project/terraform-provider-opensearch/provider/resource_opensearch_index.go:588.2,588.17 1 1
github.com/opensearch-project/terraform-provider-opensearch/provider/resource_opensearch_index.go:591.93,593.35 2 1
github.com/opensearch-project/terraform-provider-opensearch/provider/resource_opensearch_index.go:593.35,597.28 4 1
github.com/opensearch-project/terraform-provider-opensearch/provider/resource_opensearch_index.go:597.28,598.12 1 1
github.com/opensearch-project/terraform-provider-opensearch/provider/resource_opensearch_index.go:599.9,599.19 1 1
github.com/opensearch-project/terraform-provider-opensearch/provider/resource_opensearch_index.go:599.19,601.4 1 1
github.com/opensearch-project/terraform-provider-opensearch/provider/resource_opensearch_index.go:601.9,601.24 1 1
github.com/opensearch-project/terraform-provider-opensearch/provider/resource_opensearch_index.go:601.24,603.4 1 1
github.com/opensearch-project/terraform-provider-opensearch/provider/resource_opensearch_index.go:605.3,607.55 2 1
github.com/opensearch-project/terraform-provider-opensearch/provider/resource_opensearch_index.go:607.55,610.18 3 1
github.com/opensearch-project/terraform-provider-opensearch/provider/resource_opensearch_index.go:610.18,612.5 1 1
github.com/opensearch-project/terraform-provider-opensearch/provider/resource_opensearch_index.go:615.3,616.17 2 1
github.com/opensearch-project/terraform-provider-opensearch/provider/resource_opensearch_index.go:616.17,618.4 1 0
github.com/opensearch-project/terraform-provider-opensearch/provider/resource_opensearch_index.go:622.84,628.48 2 1
github.com/opensearch-project/terraform-provider-opensearch/provider/resource_opensearch_index.go:628.48,630.3 1 1
github.com/opensearch-project/terraform-provider-opensearch/provider/resource_opensearch_index.go:633.2,634.14 2 1
github.com/opensearch-project/terraform-provider-opensearch/provider/resource_opensearch_index.go:634.14,636.3 1 0
github.com/opensearch-project/terraform-provider-opensearch/provider/resource_opensearch_index.go:638.2,639.16 2 1
github.com/opensearch-project/terraform-provider-opensearch/provider/resource_opensearch_index.go:639.16,641.3 1 0
github.com/opensearch-project/terraform-provider-opensearch/provider/resource_opensearch_index.go:643.2,648.12 3 1
github.com/opensearch-project/terraform-provider-opensearch/provider/resource_opensearch_index.go:651.89,655.16 3 1
github.com/opensearch-project/terraform-provider-opensearch/provider/resource_opensearch_index.go:655.16,657.3 1 0
github.com/opensearch-project/terraform-provider-opensearch/provider/resource_opensearch_index.go:659.2,664.16 3 1
github.com/opensearch-project/terraform-provider-opensearch/provider/resource_opensearch_index.go:664.16,667.3 2 0
github.com/opensearch-project/terraform-provider-opensearch/provider/resource_opensearch_index.go:669.2,669.35 1 1
github.com/opensearch-project/terraform-provider-opensearch/provider/resource_opensearch_index.go:669.35,671.3 1 0
github.com/opensearch-project/terraform-provider-opensearch/provider/resource_opensearch_index.go:672.2,672.13 1 1
github.com/opensearch-project/terraform-provider-opensearch/provider/resource_opensearch_index.go:675.84,677.35 2 1
github.com/opensearch-project/terraform-provider-opensearch/provider/resource_opensearch_index.go:677.35,679.39 2 1
github.com/opensearch-project/terraform-provider-opensearch/provider/resource_opensearch_index.go:679.39,680.31 1 1
github.com/opensearch-project/terraform-provider-opensearch/provider/resource_opensearch_index.go:680.31,682.5 1 0
github.com/opensearch-project/terraform-provider-opensearch/provider/resource_opensearch_index.go:687.2,687.28 1 1
github.com/opensearch-project/terraform-provider-opensearch/provider/resource_opensearch_index.go:687.28,696.83 5 1
github.com/opensearch-project/terraform-provider-opensearch/provider/resource_opensearch_index.go:696.83,698.4 1 0
github.com/opensearch-project/terraform-provider-opensearch/provider/resource_opensearch_index.go:702.2,702.24 1 1
github.com/opensearch-project/terraform-provider-opensearch/provider/resource_opensearch_index.go:702.24,704.3 1 1
github.com/opensearch-project/terraform-provider-opensearch/provider/resource_opensearch_index.go:706.2,717.48 3 0
github.com/opensearch-project/terraform-provider-opensearch/provider/resource_opensearch_index.go:717.48,719.3 1 0
github.com/opensearch-project/terraform-provider-opensearch/provider/resource_opensearch_index.go:721.2,722.16 2 0
github.com/opensearch-project/terraform-provider-opensearch/provider/resource_opensearch_index.go:722.16,724.3 1 0
github.com/opensearch-project/terraform-provider-opensearch/provider/resource_opensearch_index.go:726.2,727.16 2 0
github.com/opensearch-project/terraform-provider-opensearch/provider/resource_opensearch_index.go:727.16,729.3 1 0
github.com/opensearch-project/terraform-provider-opensearch/provider/resource_opensearch_index.go:731.2,737.16 3 0
github.com/opensearch-project/terraform-provider-opensearch/provider/resource_opensearch_index.go:737.16,739.3 1 0
github.com/opensearch-project/terraform-provider-opensearch/provider/resource_opensearch_index.go:740.2,740.12 1 0
github.com/opensearch-project/terraform-provider-opensearch/provider/resource_opensearch_index.go:743.90,747.16 3 1
github.com/opensearch-project/terraform-provider-opensearch/provider/resource_opensearch_index.go:747.16,750.3 2 0
github.com/opensearch-project/terraform-provider-opensearch/provider/resource_opensearch_index.go:753.2,755.16 3 1
github.com/opensearch-project/terraform-provider-opensearch/provider/resource_opensearch_index.go:755.16,758.3 2 0
github.com/opensearch-project/terraform-provider-opensearch/provider/resource_opensearch_index.go:760.2,761.16 2 1
github.com/opensearch-project/terraform-provider-opensearch/provider/resource_opensearch_index.go:761.16,764.3 2 0
github.com/opensearch-project/terraform-provider-opensearch/provider/resource_opensearch_index.go:765.2,768.16 3 1
github.com/opensearch-project/terraform-provider-opensearch/provider/resource_opensearch_index.go:768.16,771.3 2 0
github.com/opensearch-project/terraform-provider-opensearch/provider/resource_opensearch_index.go:774.2,778.55 2 1
github.com/opensearch-project/terraform-provider-opensearch/provider/resource_opensearch_index.go:778.55,781.3 2 0
github.com/opensearch-project/terraform-provider-opensearch/provider/resource_opensearch_index.go:783.2,783.33 1 1
github.com/opensearch-project/terraform-provider-opensearch/provider/resource_opensearch_index.go:783.33,784.36 1 1
github.com/opensearch-project/terraform-provider-opensearch/provider/resource_opensearch_index.go:784.36,786.4 1 1
github.com/opensearch-project/terraform-provider-opensearch/provider/resource_opensearch_index.go:789.2,789.14 1 0
github.com/opensearch-project/terraform-provider-opensearch/provider/resource_opensearch_index.go:792.82,798.48 2 1
github.com/opensearch-project/terraform-provider-opensearch/provider/resource_opensearch_index.go:798.48,800.3 1 1
github.com/opensearch-project/terraform-provider-opensearch/provider/resource_opensearch_index.go:802.2,803.16 2 1
github.com/opensearch-project/terraform-provider-opensearch/provider/resource_opensearch_index.go:803.16,805.3 1 0
github.com/opensearch-project/terraform-provider-opensearch/provider/resource_opensearch_index.go:808.2,810.16 3 1
github.com/opensearch-project/terraform-provider-opensearch/provider/resource_opensearch_index.go:810.16,812.3 1 0
github.com/opensearch-project/terraform-provider-opensearch/provider/resource_opensearch_index.go:814.2,815.16 2 1
github.com/opensearch-project/terraform-provider-opensearch/provider/resource_opensearch_index.go:815.16,816.22 1 0
github.com/opensearch-project/terraform-provider-opensearch/provider/resource_opensearch_index.go:816.22,820.4 3 0
github.com/opensearch-project/terraform-provider-opensearch/provider/resource_opensearch_index.go:821.3,821.13 1 0
github.com/opensearch-project/terraform-provider-opensearch/provider/resource_opensearch_index.go:823.2,826.16 3 1
github.com/opensearch-project/terraform-provider-opensearch/provider/resource_opensearch_index.go:826.16,828.3 1 0
github.com/opensearch-project/terraform-provider-opensearch/provider/resource_opensearch_index.go:830.2,831.72 2 1
github.com/opensearch-project/terraform-provider-opensearch/provider/resource_opensearch_index.go:831.72,833.3 1 0
github.com/opensearch-project/terraform-provider-opensearch/provider/resource_opensearch_index.go:835.2,835.75 1 1
github.com/opensearch-project/terraform-provider-opensearch/provider/resource_opensearch_index.go:835.75,836.78 1 1
github.com/opensearch-project/terraform-provider-opensearch/provider/resource_opensearch_index.go:836.78,838.4 1 1
github.com/opensearch-project/terraform-provider-opensearch/provider/resource_opensearch_index.go:842.2,845.35 2 1
github.com/opensearch-project/terraform-provider-opensearch/provider/resource_opensearch_index.go:845.35,847.71 2 1
github.com/opensearch-project/terraform-provider-opensearch/provider/resource_opensearch_index.go:847.71,849.4 1 1
github.com/opensearch-project/terraform-provider-opensearch/provider/resource_opensearch_index.go:850.3,851.17 2 1
github.com/opensearch-project/terraform-provider-opensearch/provider/resource_opensearch_index.go:851.17,853.4 1 0
github.com/opensearch-project/terraform-provider-opensearch/provider/resource_opensearch_index.go:857.2,861.89 2 1
github.com/opensearch-project/terraform-provider-opensearch/provider/resource_opensearch_index.go:861.89,863.17 2 0
github.com/opensearch-project/terraform-provider-opensearch/provider/resource_opensearch_index.go:863.17,865.4 1 0
github.com/opensearch-project/terraform-provider-opensearch/provider/resource_opensearch_index.go:866.8,866.117 1 1
github.com/opensearch-project/terraform-provider-opensearch/provider/resource_opensearch_index.go:866.117,868.17 2 1
github.com/opensearch-project/terraform-provider-opensearch/provider/resource_opensearch_index.go:868.17,870.4 1 0
github.com/opensearch-project/terraform-provider-opensearch/provider/resource_opensearch_index.go:871.8,871.111 1 1
github.com/opensearch-project/terraform-provider-opensearch/provider/resource_opensearch_index.go:871.111,873.17 2 0
github.com/opensearch-project/terraform-provider-opensearch/provider/resource_opensearch_index.go:873.17,875.4 1 0
github.com/opensearch-project/terraform-provider-opensearch/provider/resource_opensearch_index.go:878.2,883.16 4 1
github.com/opensearch-project/terraform-provider-opensearch/provider/resource_opensearch_index.go:883.16,885.3 1 0
github.com/opensearch-project/terraform-provider-opensearch/provider/resource_opensearch_index.go:887.2,888.16 2 1
github.com/opensearch-project/terraform-provider-opensearch/provider/resource_opensearch_index.go:888.16,890.3 1 0
github.com/opensearch-project/terraform-provider-opensearch/provider/resource_opensearch_index.go:891.2,894.16 3 1
github.com/opensearch-project/terraform-provider-opensearch/provider/resource_opensearch_index.go:894.16,896.3 1 0
github.com/opensearch-project/terraform-provider-opensearch/provider/resource_opensearch_index.go:898.2,900.16 3 1
github.com/opensearch-project/terraform-provider-opensearch/provider/resource_opensearch_index.go:900.16,902.3 1 0
github.com/opensearch-project/terraform-provider-opensearch/provider/resource_opensearch_index.go:904.2,904.75 1 1
github.com/opensearch-project/terraform-provider-opensearch/provider/resource_opensearch_index.go:904.75,905.73 1 1
github.com/opensearch-project/terraform-provider-opensearch/provider/resource_opensearch_index.go:905.73,906.26 1 1
github.com/opensearch-project/terraform-provider-opensearch/provider/resource_opensearch_index.go:906.26,908.5 1 1
github.com/opensearch-project/terraform-provider-opensearch/provider/resource_opensearch_index.go:909.4,910.18 2 1
github.com/opensearch-project/terraform-provider-opensearch/provider/resource_opensearch_index.go:910.18,912.5 1 0
github.com/opensearch-project/terraform-provider-opensearch/provider/resource_opensearch_index.go:913.4,914.18 2 1
github.com/opensearch-project/terraform-provider-opensearch/provider/resource_opensearch_index.go:914.18,916.5 1 0
github.com/opensearch-project/terraform-provider-opensearch/provider/resource_opensearch_index.go:920.2,920.12 1 1
github.com/opensearch-project/terraform-provider-opensearch/provider/resource_opensearch_index.go:923.105,925.16 2 1
github.com/opensearch-project/terraform-provider-opensearch/provider/resource_opensearch_index.go:925.16,927.3 1 0
github.com/opensearch-project/terraform-provider-opensearch/provider/resource_opensearch_index.go:930.2,930.36 1 1
github.com/opensearch-project/terraform-provider-opensearch/provider/resource_opensearch_index.go:930.36,931.50 1 1
github.com/opensearch-project/terraform-provider-opensearch/provider/resource_opensearch_index.go:931.50,935.18 3 1
github.com/opensearch-project/terraform-provider-opensearch/provider/resource_opensearch_index.go:935.18,937.5 1 0
github.com/opensearch-project/terraform-provider-opensearch/provider/resource_opensearch_index.go:939.4,940.18 2 1
github.com/opensearch-project/terraform-provider-opensearch/provider/resource_opensearch_index.go:940.18,942.5 1 0
github.com/opensearch-project/terraform-provider-opensearch/provider/resource_opensearch_index.go:943.4,943.21 1 1
github.com/opensearch-project/terraform-provider-opensearch/provider/resource_opensearch_index.go:948.2,948.49 1 1
github.com/opensearch-project/terraform-provider-opensearch/provider/resource_opensearch_index.go:948.49,952.17 3 1
github.com/opensearch-project/terraform-provider-opensearch/provider/resource_opensearch_index.go:952.17,954.4 1 0
github.com/opensearch-project/terraform-provider-opensearch/provider/resource_opensearch_index.go:956.3,957.17 2 1
github.com/opensearch-project/terraform-provider-opensearch/provider/resource_opensearch_index.go:957.17,959.4 1 0
github.com/opensearch-project/terraform-provider-opensearch/provider/resource_opensearch_index.go:960.3,963.17 3 1
github.com/opensearch-project/terraform-provider-opensearch/provider/resource_opensearch_index.go:963.17,965.4 1 0
github.com/opensearch-project/terraform-provider-opensearch/provider/resource_opensearch_index.go:966.3,966.20 1 1
github.com/opensearch-project/terraform-provider-opensearch/provider/resource_opensearch_index.go:969.2,969.12 1 1
github.com/opensearch-project/terraform-provider-opensearch/provider/resource_opensearch_index_template.go:17.57,43.2 1 1
github.com/opensearch-project/terraform-provider-opensearch/provider/resource_opensearch_index_template.go:45.92,47.16 2 1
github.com/opensearch-project/terraform-provider-opensearch/provider/resource_opensearch_index_template.go:47.16,49.3 1 0
github.com/opensearch-project/terraform-provider-opensearch/provider/resource_opensearch_index_template.go:50.2,51.12 2 1
github.com/opensearch-project/terraform-provider-opensearch/provider/resource_opensearch_index_template.go:54.90,60.16 5 1
github.com/opensearch-project/terraform-provider-opensearch/provider/resource_opensearch_index_template.go:60.16,62.3 1 0
github.com/opensearch-project/terraform-provider-opensearch/provider/resource_opensearch_index_template.go:63.2,64.16 2 1
github.com/opensearch-project/terraform-provider-opensearch/provider/resource_opensearch_index_template.go:64.16,65.22 1 0
github.com/opensearch-project/terraform-provider-opensearch/provider/resource_opensearch_index_template.go:65.22,69.4 3 0
github.com/opensearch-project/terraform-provider-opensearch/provider/resource_opensearch_index_template.go:71.3,71.13 1 0
github.com/opensearch-project/terraform-provider-opensearch/provider/resource_opensearch_index_template.go:74.2,77.15 4 1
github.com/opensearch-project/terraform-provider-opensearch/provider/resource_opensearch_index_template.go:80.82,85.16 3 1
github.com/opensearch-project/terraform-provider-opensearch/provider/resource_opensearch_index_template.go:85.16,87.3 1 0
github.com/opensearch-project/terraform-provider-opensearch/provider/resource_opensearch_index_template.go:89.2,90.16 2 1
github.com/opensearch-project/terraform-provider-opensearch/provider/resource_opensearch_index_template.go:90.16,92.3 1 0
github.com/opensearch-project/terraform-provider-opensearch/provider/resource_opensearch_index_template.go:93.2,96.16 3 1
github.com/opensearch-project/terraform-provider-opensearch/provider/resource_opensearch_index_template.go:96.16,98.3 1 0
github.com/opensearch-project/terraform-provider-opensearch/provider/resource_opensearch_index_template.go:100.2,100.44 1 1
github.com/opensearch-project/terraform-provider-opensearch/provider/resource_opensearch_index_template.go:100.44,102.3 1 0
github.com/opensearch-project/terraform-provider-opensearch/provider/resource_opensearch_index_template.go:104.2,104.38 1 1
github.com/opensearch-project/terraform-provider-opensearch/provider/resource_opensearch_index_template.go:104.38,106.3 1 0
github.com/opensearch-project/terraform-provider-opensearch/provider/resource_opensearch_index_template.go:109.2,110.64 2 1
github.com/opensearch-project/terraform-provider-opensearch/provider/resource_opensearch_index_template.go:110.64,112.3 1 0
github.com/opensearch-project/terraform-provider-opensearch/provider/resource_opensearch_index_template.go:115.2,116.9 2 1
github.com/opensearch-project/terraform-provider-opensearch/provider/resource_opensearch_index_template.go:116.9,118.3 1 0
github.com/opensearch-project/terraform-provider-opensearch/provider/resource_opensearch_index_template.go:121.2,122.62 2 1
github.com/opensearch-project/terraform-provider-opensearch/provider/resource_opensearch_index_template.go:122.62,124.3 1 0
github.com/opensearch-project/terraform-provider-opensearch/provider/resource_opensearch_index_template.go:127.2,130.16 3 1
github.com/opensearch-project/terraform-provider-opensearch/provider/resource_opensearch_index_template.go:130.16,132.3 1 0
github.com/opensearch-project/terraform-provider-opensearch/provider/resource_opensearch_index_template.go:134.2,134.28 1 1
github.com/opensearch-project/terraform-provider-opensearch/provider/resource_opensearch_index_template.go:137.92,139.2 1 1
github.com/opensearch-project/terraform-provider-opensearch/provider/resource_opensearch_index_template.go:141.92,146.16 5 1
github.com/opensearch-project/terraform-provider-opensearch/provider/resource_opensearch_index_template.go:146.16,148.3 1 0
github.com/opensearch-project/terraform-provider-opensearch/provider/resource_opensearch_index_template.go:149.2,153.16 2 1
github.com/opensearch-project/terraform-provider-opensearch/provider/resource_opensearch_index_template.go:153.16,155.3 1 0
github.com/opensearch-project/terraform-provider-opensearch/provider/resource_opensearch_index_template.go:156.2,157.12 2 1
github.com/opensearch-project/terraform-provider-opensearch/provider/resource_opensearch_index_template.go:160.102,166.16 5 1
github.com/opensearch-project/terraform-provider-opensearch/provider/resource_opensearch_index_template.go:166.16,168.3 1 0
github.com/opensearch-project/terraform-provider-opensearch/provider/resource_opensearch_index_template.go:169.2,174.12 2 1
github.com/opensearch-project/terraform-provider-opensearch/provider/resource_opensearch_ingest_pipeline.go:25.58,51.2 1 1
github.com/opensearch-project/terraform-provider-opensearch/provider/resource_opensearch_ingest_pipeline.go:53.93,56.16 2 1
github.com/opensearch-project/terraform-provider-opensearch/provider/resource_opensearch_ingest_pipeline.go:56.16,58.3 1 0
github.com/opensearch-project/terraform-provider-opensearch/provider/resource_opensearch_ingest_pipeline.go:59.2,60.12 2 1
github.com/opensearch-project/terraform-provider-opensearch/provider/resource_opensearch_ingest_pipeline.go:63.91,69.16 5 1
github.com/opensearch-project/terraform-provider-opensearch/provider/resource_opensearch_ingest_pipeline.go:69.16,71.3 1 0
github.com/opensearch-project/terraform-provider-opensearch/provider/resource_opensearch_ingest_pipeline.go:72.2,73.16 2 1
github.com/opensearch-project/terraform-provider-opensearch/provider/resource_opensearch_ingest_pipeline.go:73.16,75.3 1 0
github.com/opensearch-project/terraform-provider-opensearch/provider/resource_opensearch_ingest_pipeline.go:77.2,80.15 4 1
github.com/opensearch-project/terraform-provider-opensearch/provider/resource_opensearch_ingest_pipeline.go:83.77,87.16 3 1
github.com/opensearch-project/terraform-provider-opensearch/provider/resource_opensearch_ingest_pipeline.go:87.16,89.3 1 0
github.com/opensearch-project/terraform-provider-opensearch/provider/resource_opensearch_ingest_pipeline.go:91.2,92.16 2 1
github.com/opensearch-project/terraform-provider-opensearch/provider/resource_opensearch_ingest_pipeline.go:92.16,94.3 1 0
github.com/opensearch-project/terraform-provider-opensearch/provider/resource_opensearch_ingest_pipeline.go:95.2,98.16 3 1
github.com/opensearch-project/terraform-provider-opensearch/provider/resource_opensearch_ingest_pipeline.go:98.16,100.3 1 0
github.com/opensearch-project/terraform-provider-opensearch/provider/resource_opensearch_ingest_pipeline.go:102.2,102.44 1 1
github.com/opensearch-project/terraform-provider-opensearch/provider/resource_opensearch_ingest_pipeline.go:102.44,104.3 1 1
github.com/opensearch-project/terraform-provider-opensearch/provider/resource_opensearch_ingest_pipeline.go:106.2,106.38 1 1
github.com/opensearch-project/terraform-provider-opensearch/provider/resource_opensearch_ingest_pipeline.go:106.38,108.3 1 0
github.com/opensearch-project/terraform-provider-opensearch/provider/resource_opensearch_ingest_pipeline.go:111.2,112.57 2 1
github.com/opensearch-project/terraform-provider-opensearch/provider/resource_opensearch_ingest_pipeline.go:112.57,114.3 1 0
github.com/opensearch-project/terraform-provider-opensearch/provider/resource_opensearch_ingest_pipeline.go:116.2,116.39 1 1
github.com/opensearch-project/terraform-provider-opensearch/provider/resource_opensearch_ingest_pipeline.go:116.39,118.3 1 1
github.com/opensearch-project/terraform-provider-opensearch/provider/resource_opensearch_ingest_pipeline.go:120.2,120.71 1 0
github.com/opensearch-project/terraform-provider-opensearch/provider/resource_opensearch_ingest_pipeline.go:123.93,125.2 1 1
github.com/opensearch-project/terraform-provider-opensearch/provider/resource_opensearch_ingest_pipeline.go:127.93,131.16 3 1
github.com/opensearch-project/terraform-provider-opensearch/provider/resource_opensearch_ingest_pipeline.go:131.16,133.3 1 0
github.com/opensearch-project/terraform-provider-opensearch/provider/resource_opensearch_ingest_pipeline.go:135.2,138.16 3 1
github.com/opensearch-project/terraform-provider-opensearch/provider/resource_opensearch_ingest_pipeline.go:138.16,140.3 1 0
github.com/opensearch-project/terraform-provider-opensearch/provider/resource_opensearch_ingest_pipeline.go:142.2,143.16 2 1
github.com/opensearch-project/terraform-provider-opensearch/provider/resource_opensearch_ingest_pipeline.go:143.16,145.3 1 0
github.com/opensearch-project/terraform-provider-opensearch/provider/resource_opensearch_ingest_pipeline.go:146.2,148.53 2 1
github.com/opensearch-project/terraform-provider-opensearch/provider/resource_opensearch_ingest_pipeline.go:148.53,151.3 2 1
github.com/opensearch-project/terraform-provider-opensearch/provider/resource_opensearch_ingest_pipeline.go:153.2,153.95 1 0
github.com/opensearch-project/terraform-provider-opensearch/provider/resource_opensearch_ingest_pipeline.go:156.90,161.16 4 1
github.com/opensearch-project/terraform-provider-opensearch/provider/resource_opensearch_ingest_pipeline.go:161.16,163.3 1 0
github.com/opensearch-project/terraform-provider-opensearch/provider/resource_opensearch_ingest_pipeline.go:165.2,168.16 3 1
github.com/opensearch-project/terraform-provider-opensearch/provider/resource_opensearch_ingest_pipeline.go:168.16,170.3 1 0
github.com/opensearch-project/terraform-provider-opensearch/provider/resource_opensearch_ingest_pipeline.go:171.2,174.16 3 1
github.com/opensearch-project/terraform-provider-opensearch/provider/resource_opensearch_ingest_pipeline.go:174.16,176.3 1 0
github.com/opensearch-project/terraform-provider-opensearch/provider/resource_opensearch_ingest_pipeline.go:177.2,179.53 2 1
github.com/opensearch-project/terraform-provider-opensearch/provider/resource_opensearch_ingest_pipeline.go:179.53,181.3 1 1
github.com/opensearch-project/terraform-provider-opensearch/provider/resource_opensearch_ingest_pipeline.go:183.2,183.95 1 0
github.com/opensearch-project/terraform-provider-opensearch/provider/resource_opensearch_ism_policy.go:28.41,31.4 2 1
github.com/opensearch-project/terraform-provider-opensearch/provider/resource_opensearch_ism_policy.go:47.53,59.2 1 1
github.com/opensearch-project/terraform-provider-opensearch/provider/resource_opensearch_ism_policy.go:61.85,62.64 1 1
github.com/opensearch-project/terraform-provider-opensearch/provider/resource_opensearch_ism_policy.go:62.64,65.3 2 0
github.com/opensearch-project/terraform-provider-opensearch/provider/resource_opensearch_ism_policy.go:67.2,69.46 3 1
github.com/opensearch-project/terraform-provider-opensearch/provider/resource_opensearch_ism_policy.go:72.83,75.16 2 1
github.com/opensearch-project/terraform-provider-opensearch/provider/resource_opensearch_ism_policy.go:75.16,76.22 1 0
github.com/opensearch-project/terraform-provider-opensearch/provider/resource_opensearch_ism_policy.go:76.22,80.4 3 0
github.com/opensearch-project/terraform-provider-opensearch/provider/resource_opensearch_ism_policy.go:81.3,81.13 1 0
github.com/opensearch-project/terraform-provider-opensearch/provider/resource_opensearch_ism_policy.go:84.2,85.16 2 1
github.com/opensearch-project/terraform-provider-opensearch/provider/resource_opensearch_ism_policy.go:85.16,87.3 1 0
github.com/opensearch-project/terraform-provider-opensearch/provider/resource_opensearch_ism_policy.go:90.2,92.68 2 1
github.com/opensearch-project/terraform-provider-opensearch/provider/resource_opensearch_ism_policy.go:92.68,94.3 1 0
github.com/opensearch-project/terraform-provider-opensearch/provider/resource_opensearch_ism_policy.go:95.2,95.60 1 1
github.com/opensearch-project/terraform-provider-opensearch/provider/resource_opensearch_ism_policy.go:95.60,97.3 1 0
github.com/opensearch-project/terraform-provider-opensearch/provider/resource_opensearch_ism_policy.go:98.2,98.74 1 1
github.com/opensearch-project/terraform-provider-opensearch/provider/resource_opensearch_ism_policy.go:98.74,100.3 1 0
github.com/opensearch-project/terraform-provider-opensearch/provider/resource_opensearch_ism_policy.go:101.2,101.62 1 1
github.com/opensearch-project/terraform-provider-opensearch/provider/resource_opensearch_ism_policy.go:101.62,103.3 1 0
github.com/opensearch-project/terraform-provider-opensearch/provider/resource_opensearch_ism_policy.go:105.2,105.12 1 1
github.com/opensearch-project/terraform-provider-opensearch/provider/resource_opensearch_ism_policy.go:108.85,109.64 1 1
github.com/opensearch-project/terraform-provider-opensearch/provider/resource_opensearch_ism_policy.go:109.64,111.3 1 0
github.com/opensearch-project/terraform-provider-opensearch/provider/resource_opensearch_ism_policy.go:113.2,113.46 1 1
github.com/opensearch-project/terraform-provider-opensearch/provider/resource_opensearch_ism_policy.go:116.85,121.16 4 1
github.com/opensearch-project/terraform-provider-opensearch/provider/resource_opensearch_ism_policy.go:121.16,123.3 1 0
github.com/opensearch-project/terraform-provider-opensearch/provider/resource_opensearch_ism_policy.go:126.2,128.52 3 1
github.com/opensearch-project/terraform-provider-opensearch/provider/resource_opensearch_ism_policy.go:128.52,129.18 1 1
github.com/opensearch-project/terraform-provider-opensearch/provider/resource_opensearch_ism_policy.go:129.18,131.4 1 0
github.com/opensearch-project/terraform-provider-opensearch/provider/resource_opensearch_ism_policy.go:134.3,135.17 2 1
github.com/opensearch-project/terraform-provider-opensearch/provider/resource_opensearch_ism_policy.go:135.17,137.4 1 0
github.com/opensearch-project/terraform-provider-opensearch/provider/resource_opensearch_ism_policy.go:139.3,140.112 2 1
github.com/opensearch-project/terraform-provider-opensearch/provider/resource_opensearch_ism_policy.go:140.112,141.9 1 1
github.com/opensearch-project/terraform-provider-opensearch/provider/resource_opensearch_ism_policy.go:144.3,144.18 1 0
github.com/opensearch-project/terraform-provider-opensearch/provider/resource_opensearch_ism_policy.go:144.18,146.4 1 0
github.com/opensearch-project/terraform-provider-opensearch/provider/resource_opensearch_ism_policy.go:149.2,149.16 1 1
github.com/opensearch-project/terraform-provider-opensearch/provider/resource_opensearch_ism_policy.go:149.16,151.3 1 0
github.com/opensearch-project/terraform-provider-opensearch/provider/resource_opensearch_ism_policy.go:152.2,155.53 2 1
github.com/opensearch-project/terraform-provider-opensearch/provider/resource_opensearch_ism_policy.go:155.53,157.3 1 1
github.com/opensearch-project/terraform-provider-opensearch/provider/resource_opensearch_ism_policy.go:159.2,159.86 1 0
github.com/opensearch-project/terraform-provider-opensearch/provider/resource_opensearch_ism_policy.go:162.96,169.16 5 1
github.com/opensearch-project/terraform-provider-opensearch/provider/resource_opensearch_ism_policy.go:169.16,171.3 1 0
github.com/opensearch-project/terraform-provider-opensearch/provider/resource_opensearch_ism_policy.go:174.2,175.16 2 1
github.com/opensearch-project/terraform-provider-opensearch/provider/resource_opensearch_ism_policy.go:175.16,177.3 1 0
github.com/opensearch-project/terraform-provider-opensearch/provider/resource_opensearch_ism_policy.go:180.2,181.16 2 1
github.com/opensearch-project/terraform-provider-opensearch/provider/resource_opensearch_ism_policy.go:181.16,183.3 1 0
github.com/opensearch-project/terraform-provider-opensearch/provider/resource_opensearch_ism_policy.go:184.2,188.16 3 1
github.com/opensearch-project/terraform-provider-opensearch/provider/resource_opensearch_ism_policy.go:188.16,190.3 1 0
github.com/opensearch-project/terraform-provider-opensearch/provider/resource_opensearch_ism_policy.go:193.2,193.44 1 1
github.com/opensearch-project/terraform-provider-opensearch/provider/resource_opensearch_ism_policy.go:193.44,195.3 1 1
github.com/opensearch-project/terraform-provider-opensearch/provider/resource_opensearch_ism_policy.go:197.2,197.38 1 1
github.com/opensearch-project/terraform-provider-opensearch/provider/resource_opensearch_ism_policy.go:197.38,199.3 1 0
github.com/opensearch-project/terraform-provider-opensearch/provider/resource_opensearch_ism_policy.go:201.2,201.56 1 1
github.com/opensearch-project/terraform-provider-opensearch/provider/resource_opensearch_ism_policy.go:201.56,203.3 1 0
github.com/opensearch-project/terraform-provider-opensearch/provider/resource_opensearch_ism_policy.go:205.2,207.23 2 1
github.com/opensearch-project/terraform-provider-opensearch/provider/resource_opensearch_ism_policy.go:210.104,221.30 8 1
github.com/opensearch-project/terraform-provider-opensearch/provider/resource_opensearch_ism_policy.go:221.30,224.3 2 1
github.com/opensearch-project/terraform-provider-opensearch/provider/resource_opensearch_ism_policy.go:225.2,225.25 1 1
github.com/opensearch-project/terraform-provider-opensearch/provider/resource_opensearch_ism_policy.go:225.25,227.3 1 1
github.com/opensearch-project/terraform-provider-opensearch/provider/resource_opensearch_ism_policy.go:229.2,230.16 2 1
github.com/opensearch-project/terraform-provider-opensearch/provider/resource_opensearch_ism_policy.go:230.16,232.3 1 0
github.com/opensearch-project/terraform-provider-opensearch/provider/resource_opensearch_ism_policy.go:235.2,237.52 3 1
github.com/opensearch-project/terraform-provider-opensearch/provider/resource_opensearch_ism_policy.go:237.52,238.18 1 1
github.com/opensearch-project/terraform-provider-opensearch/provider/resource_opensearch_ism_policy.go:238.18,241.4 1 0
github.com/opensearch-project/terraform-provider-opensearch/provider/resource_opensearch_ism_policy.go:244.3,245.17 2 1
github.com/opensearch-project/terraform-provider-opensearch/provider/resource_opensearch_ism_policy.go:245.17,247.4 1 0
github.com/opensearch-project/terraform-provider-opensearch/provider/resource_opensearch_ism_policy.go:248.3,251.17 3 1
github.com/opensearch-project/terraform-provider-opensearch/provider/resource_opensearch_ism_policy.go:251.17,253.99 1 1
github.com/opensearch-project/terraform-provider-opensearch/provider/resource_opensearch_ism_policy.go:253.99,254.10 1 1
github.com/opensearch-project/terraform-provider-opensearch/provider/resource_opensearch_ism_policy.go:256.4,256.21 1 0
github.com/opensearch-project/terraform-provider-opensearch/provider/resource_opensearch_ism_policy.go:257.9,259.30 1 0
github.com/opensearch-project/terraform-provider-opensearch/provider/resource_opensearch_ism_policy.go:259.30,260.13 1 0
github.com/opensearch-project/terraform-provider-opensearch/provider/resource_opensearch_ism_policy.go:265.2,265.16 1 1
github.com/opensearch-project/terraform-provider-opensearch/provider/resource_opensearch_ism_policy.go:265.16,267.3 1 0
github.com/opensearch-project/terraform-provider-opensearch/provider/resource_opensearch_ism_policy.go:268.2,272.16 3 1
github.com/opensearch-project/terraform-provider-opensearch/provider/resource_opensearch_ism_policy.go:272.16,274.3 1 0
github.com/opensearch-project/terraform-provider-opensearch/provider/resource_opensearch_ism_policy.go:277.2,277.53 1 1
github.com/opensearch-project/terraform-provider-opensearch/provider/resource_opensearch_ism_policy.go:277.53,279.3 1 0
github.com/opensearch-project/terraform-provider-opensearch/provider/resource_opensearch_ism_policy.go:281.2,281.55 1 1
github.com/opensearch-project/terraform-provider-opensearch/provider/resource_opensearch_ism_policy.go:281.55,283.3 1 0
github.com/opensearch-project/terraform-provider-opensearch/provider/resource_opensearch_ism_policy.go:285.2,285.22 1 1
github.com/opensearch-project/terraform-provider-opensearch/provider/resource_opensearch_ism_policy_mapping.go:54.60,71.2 1 1
github.com/opensearch-project/terraform-provider-opensearch/provider/resource_opensearch_ism_policy_mapping.go:73.102,76.16 3 1
github.com/opensearch-project/terraform-provider-opensearch/provider/resource_opensearch_ism_policy_mapping.go:76.16,78.3 1 0
github.com/opensearch-project/terraform-provider-opensearch/provider/resource_opensearch_ism_policy_mapping.go:80.2,83.157 3 1
github.com/opensearch-project/terraform-provider-opensearch/provider/resource_opensearch_ism_policy_mapping.go:95.158,96.34 1 1
github.com/opensearch-project/terraform-provider-opensearch/provider/resource_opensearch_ism_policy_mapping.go:96.34,99.17 2 1
github.com/opensearch-project/terraform-provider-opensearch/provider/resource_opensearch_ism_policy_mapping.go:99.17,102.4 2 0
github.com/opensearch-project/terraform-provider-opensearch/provider/resource_opensearch_ism_policy_mapping.go:106.3,106.24 1 1
github.com/opensearch-project/terraform-provider-opensearch/provider/resource_opensearch_ism_policy_mapping.go:106.24,108.4 1 1
github.com/opensearch-project/terraform-provider-opensearch/provider/resource_opensearch_ism_policy_mapping.go:110.3,112.17 3 1
github.com/opensearch-project/terraform-provider-opensearch/provider/resource_opensearch_ism_policy_mapping.go:112.17,114.4 1 0
github.com/opensearch-project/terraform-provider-opensearch/provider/resource_opensearch_ism_policy_mapping.go:115.3,115.13 1 1
github.com/opensearch-project/terraform-provider-opensearch/provider/resource_opensearch_ism_policy_mapping.go:119.119,123.16 3 1
github.com/opensearch-project/terraform-provider-opensearch/provider/resource_opensearch_ism_policy_mapping.go:123.16,125.3 1 0
github.com/opensearch-project/terraform-provider-opensearch/provider/resource_opensearch_ism_policy_mapping.go:127.2,127.45 1 1
github.com/opensearch-project/terraform-provider-opensearch/provider/resource_opensearch_ism_policy_mapping.go:127.45,129.79 2 1
github.com/opensearch-project/terraform-provider-opensearch/provider/resource_opensearch_ism_policy_mapping.go:129.79,131.4 1 1
github.com/opensearch-project/terraform-provider-opensearch/provider/resource_opensearch_ism_policy_mapping.go:131.9,131.83 1 1
github.com/opensearch-project/terraform-provider-opensearch/provider/resource_opensearch_ism_policy_mapping.go:131.83,133.4 1 0
github.com/opensearch-project/terraform-provider-opensearch/provider/resource_opensearch_ism_policy_mapping.go:136.2,137.27 2 1
github.com/opensearch-project/terraform-provider-opensearch/provider/resource_opensearch_ism_policy_mapping.go:140.100,145.16 4 1
github.com/opensearch-project/terraform-provider-opensearch/provider/resource_opensearch_ism_policy_mapping.go:145.16,148.3 2 0
github.com/opensearch-project/terraform-provider-opensearch/provider/resource_opensearch_ism_policy_mapping.go:151.2,151.23 1 1
github.com/opensearch-project/terraform-provider-opensearch/provider/resource_opensearch_ism_policy_mapping.go:151.23,155.3 3 0
github.com/opensearch-project/terraform-provider-opensearch/provider/resource_opensearch_ism_policy_mapping.go:157.2,162.15 4 1
github.com/opensearch-project/terraform-provider-opensearch/provider/resource_opensearch_ism_policy_mapping.go:165.102,166.96 1 1
github.com/opensearch-project/terraform-provider-opensearch/provider/resource_opensearch_ism_policy_mapping.go:166.96,167.22 1 0
github.com/opensearch-project/terraform-provider-opensearch/provider/resource_opensearch_ism_policy_mapping.go:167.22,171.4 3 0
github.com/opensearch-project/terraform-provider-opensearch/provider/resource_opensearch_ism_policy_mapping.go:172.3,172.13 1 0
github.com/opensearch-project/terraform-provider-opensearch/provider/resource_opensearch_ism_policy_mapping.go:175.2,178.157 3 1
github.com/opensearch-project/terraform-provider-opensearch/provider/resource_opensearch_ism_policy_mapping.go:181.102,182.89 1 1
github.com/opensearch-project/terraform-provider-opensearch/provider/resource_opensearch_ism_policy_mapping.go:182.89,184.3 1 0
github.com/opensearch-project/terraform-provider-opensearch/provider/resource_opensearch_ism_policy_mapping.go:186.2,188.12 2 1
github.com/opensearch-project/terraform-provider-opensearch/provider/resource_opensearch_ism_policy_mapping.go:191.138,195.16 3 1
github.com/opensearch-project/terraform-provider-opensearch/provider/resource_opensearch_ism_policy_mapping.go:196.16,197.19 1 1
github.com/opensearch-project/terraform-provider-opensearch/provider/resource_opensearch_ism_policy_mapping.go:198.13,204.17 3 1
github.com/opensearch-project/terraform-provider-opensearch/provider/resource_opensearch_ism_policy_mapping.go:204.17,206.4 1 0
github.com/opensearch-project/terraform-provider-opensearch/provider/resource_opensearch_ism_policy_mapping.go:207.10,217.17 4 1
github.com/opensearch-project/terraform-provider-opensearch/provider/resource_opensearch_ism_policy_mapping.go:217.17,219.4 1 0
github.com/opensearch-project/terraform-provider-opensearch/provider/resource_opensearch_ism_policy_mapping.go:223.2,226.16 3 1
github.com/opensearch-project/terraform-provider-opensearch/provider/resource_opensearch_ism_policy_mapping.go:226.16,228.3 1 0
github.com/opensearch-project/terraform-provider-opensearch/provider/resource_opensearch_ism_policy_mapping.go:231.2,233.52 3 1
github.com/opensearch-project/terraform-provider-opensearch/provider/resource_opensearch_ism_policy_mapping.go:233.52,234.18 1 1
github.com/opensearch-project/terraform-provider-opensearch/provider/resource_opensearch_ism_policy_mapping.go:234.18,236.4 1 0
github.com/opensearch-project/terraform-provider-opensearch/provider/resource_opensearch_ism_policy_mapping.go:239.3,240.17 2 1
github.com/opensearch-project/terraform-provider-opensearch/provider/resource_opensearch_ism_policy_mapping.go:240.17,242.4 1 0
github.com/opensearch-project/terraform-provider-opensearch/provider/resource_opensearch_ism_policy_mapping.go:243.3,246.112 3 1
github.com/opensearch-project/terraform-provider-opensearch/provider/resource_opensearch_ism_policy_mapping.go:246.112,247.9 1 1
github.com/opensearch-project/terraform-provider-opensearch/provider/resource_opensearch_ism_policy_mapping.go:250.3,250.18 1 0
github.com/opensearch-project/terraform-provider-opensearch/provider/resource_opensearch_ism_policy_mapping.go:250.18,252.4 1 0
github.com/opensearch-project/terraform-provider-opensearch/provider/resource_opensearch_ism_policy_mapping.go:255.2,255.16 1 1
github.com/opensearch-project/terraform-provider-opensearch/provider/resource_opensearch_ism_policy_mapping.go:255.16,257.3 1 0
github.com/opensearch-project/terraform-provider-opensearch/provider/resource_opensearch_ism_policy_mapping.go:258.2,262.16 3 1
github.com/opensearch-project/terraform-provider-opensearch/provider/resource_opensearch_ism_policy_mapping.go:262.16,264.3 1 0
github.com/opensearch-project/terraform-provider-opensearch/provider/resource_opensearch_ism_policy_mapping.go:267.2,267.53 1 1
github.com/opensearch-project/terraform-provider-opensearch/provider/resource_opensearch_ism_policy_mapping.go:267.53,269.3 1 0
github.com/opensearch-project/terraform-provider-opensearch/provider/resource_opensearch_ism_policy_mapping.go:271.2,271.55 1 1
github.com/opensearch-project/terraform-provider-opensearch/provider/resource_opensearch_ism_policy_mapping.go:271.55,273.3 1 0
github.com/opensearch-project/terraform-provider-opensearch/provider/resource_opensearch_ism_policy_mapping.go:275.2,275.22 1 1
github.com/opensearch-project/terraform-provider-opensearch/provider/resource_opensearch_ism_policy_mapping.go:278.119,284.16 4 1
github.com/opensearch-project/terraform-provider-opensearch/provider/resource_opensearch_ism_policy_mapping.go:284.16,286.3 1 0
github.com/opensearch-project/terraform-provider-opensearch/provider/resource_opensearch_ism_policy_mapping.go:289.2,291.52 3 1
github.com/opensearch-project/terraform-provider-opensearch/provider/resource_opensearch_ism_policy_mapping.go:291.52,292.18 1 1
github.com/opensearch-project/terraform-provider-opensearch/provider/resource_opensearch_ism_policy_mapping.go:292.18,294.4 1 0
github.com/opensearch-project/terraform-provider-opensearch/provider/resource_opensearch_ism_policy_mapping.go:297.3,298.17 2 1
github.com/opensearch-project/terraform-provider-opensearch/provider/resource_opensearch_ism_policy_mapping.go:298.17,300.4 1 0
github.com/opensearch-project/terraform-provider-opensearch/provider/resource_opensearch_ism_policy_mapping.go:302.3,303.112 2 1
github.com/opensearch-project/terraform-provider-opensearch/provider/resource_opensearch_ism_policy_mapping.go:303.112,304.9 1 1
github.com/opensearch-project/terraform-provider-opensearch/provider/resource_opensearch_ism_policy_mapping.go:307.3,307.18 1 0
github.com/opensearch-project/terraform-provider-opensearch/provider/resource_opensearch_ism_policy_mapping.go:307.18,309.4 1 0
github.com/opensearch-project/terraform-provider-opensearch/provider/resource_opensearch_ism_policy_mapping.go:312.2,312.16 1 1
github.com/opensearch-project/terraform-provider-opensearch/provider/resource_opensearch_ism_policy_mapping.go:312.16,314.3 1 0
github.com/opensearch-project/terraform-provider-opensearch/provider/resource_opensearch_ism_policy_mapping.go:315.2,319.16 3 1
github.com/opensearch-project/terraform-provider-opensearch/provider/resource_opensearch_ism_policy_mapping.go:319.16,321.3 1 0
github.com/opensearch-project/terraform-provider-opensearch/provider/resource_opensearch_ism_policy_mapping.go:324.2,324.44 1 1
github.com/opensearch-project/terraform-provider-opensearch/provider/resource_opensearch_ism_policy_mapping.go:324.44,326.3 1 0
github.com/opensearch-project/terraform-provider-opensearch/provider/resource_opensearch_ism_policy_mapping.go:330.2,330.46 1 1
github.com/opensearch-project/terraform-provider-opensearch/provider/resource_opensearch_ism_policy_mapping.go:330.46,332.3 1 1
github.com/opensearch-project/terraform-provider-opensearch/provider/resource_opensearch_ism_policy_mapping.go:334.2,334.38 1 1
github.com/opensearch-project/terraform-provider-opensearch/provider/resource_opensearch_ism_policy_mapping.go:334.38,336.3 1 0
github.com/opensearch-project/terraform-provider-opensearch/provider/resource_opensearch_ism_policy_mapping.go:338.2,338.55 1 1
github.com/opensearch-project/terraform-provider-opensearch/provider/resource_opensearch_ism_policy_mapping.go:338.55,340.3 1 0
github.com/opensearch-project/terraform-provider-opensearch/provider/resource_opensearch_ism_policy_mapping.go:342.2,342.23 1 1
github.com/opensearch-project/terraform-provider-opensearch/provider/resource_opensearch_monitor.go:22.41,25.4 2 1
github.com/opensearch-project/terraform-provider-opensearch/provider/resource_opensearch_monitor.go:30.51,42.2 1 1
github.com/opensearch-project/terraform-provider-opensearch/provider/resource_opensearch_monitor.go:44.93,47.16 2 1
github.com/opensearch-project/terraform-provider-opensearch/provider/resource_opensearch_monitor.go:47.16,50.3 2 0
github.com/opensearch-project/terraform-provider-opensearch/provider/resource_opensearch_monitor.go:52.2,58.54 3 1
github.com/opensearch-project/terraform-provider-opensearch/provider/resource_opensearch_monitor.go:61.91,64.21 2 1
github.com/opensearch-project/terraform-provider-opensearch/provider/resource_opensearch_monitor.go:64.21,68.3 3 0
github.com/opensearch-project/terraform-provider-opensearch/provider/resource_opensearch_monitor.go:70.2,70.16 1 1
github.com/opensearch-project/terraform-provider-opensearch/provider/resource_opensearch_monitor.go:70.16,72.3 1 0
github.com/opensearch-project/terraform-provider-opensearch/provider/resource_opensearch_monitor.go:74.2,77.16 3 1
github.com/opensearch-project/terraform-provider-opensearch/provider/resource_opensearch_monitor.go:77.16,79.3 1 0
github.com/opensearch-project/terraform-provider-opensearch/provider/resource_opensearch_monitor.go:80.2,81.16 2 1
github.com/opensearch-project/terraform-provider-opensearch/provider/resource_opensearch_monitor.go:81.16,83.3 1 0
github.com/opensearch-project/terraform-provider-opensearch/provider/resource_opensearch_monitor.go:84.2,85.12 2 1
github.com/opensearch-project/terraform-provider-opensearch/provider/resource_opensearch_monitor.go:88.93,91.16 2 1
github.com/opensearch-project/terraform-provider-opensearch/provider/resource_opensearch_monitor.go:91.16,93.3 1 0
github.com/opensearch-project/terraform-provider-opensearch/provider/resource_opensearch_monitor.go:95.2,95.54 1 1
github.com/opensearch-project/terraform-provider-opensearch/provider/resource_opensearch_monitor.go:98.93,104.16 4 1
github.com/opensearch-project/terraform-provider-opensearch/provider/resource_opensearch_monitor.go:104.16,106.3 1 0
github.com/opensearch-project/terraform-provider-opensearch/provider/resource_opensearch_monitor.go:109.2,110.16 2 1
github.com/opensearch-project/terraform-provider-opensearch/provider/resource_opensearch_monitor.go:110.16,112.3 1 0
github.com/opensearch-project/terraform-provider-opensearch/provider/resource_opensearch_monitor.go:115.2,116.16 2 1
github.com/opensearch-project/terraform-provider-opensearch/provider/resource_opensearch_monitor.go:116.16,118.3 1 0
github.com/opensearch-project/terraform-provider-opensearch/provider/resource_opensearch_monitor.go:119.2,122.53 2 1
github.com/opensearch-project/terraform-provider-opensearch/provider/resource_opensearch_monitor.go:122.53,124.3 1 1
github.com/opensearch-project/terraform-provider-opensearch/provider/resource_opensearch_monitor.go:126.2,126.87 1 0
github.com/opensearch-project/terraform-provider-opensearch/provider/resource_opensearch_monitor.go:129.104,136.16 5 1
github.com/opensearch-project/terraform-provider-opensearch/provider/resource_opensearch_monitor.go:136.16,138.3 1 0
github.com/opensearch-project/terraform-provider-opensearch/provider/resource_opensearch_monitor.go:141.2,142.16 2 1
github.com/opensearch-project/terraform-provider-opensearch/provider/resource_opensearch_monitor.go:142.16,144.3 1 0
github.com/opensearch-project/terraform-provider-opensearch/provider/resource_opensearch_monitor.go:147.2,148.16 2 1
github.com/opensearch-project/terraform-provider-opensearch/provider/resource_opensearch_monitor.go:148.16,150.3 1 0
github.com/opensearch-project/terraform-provider-opensearch/provider/resource_opensearch_monitor.go:151.2,155.16 3 1
github.com/opensearch-project/terraform-provider-opensearch/provider/resource_opensearch_monitor.go:155.16,157.3 1 0
github.com/opensearch-project/terraform-provider-opensearch/provider/resource_opensearch_monitor.go:159.2,159.44 1 1
github.com/opensearch-project/terraform-provider-opensearch/provider/resource_opensearch_monitor.go:159.44,161.3 1 1
github.com/opensearch-project/terraform-provider-opensearch/provider/resource_opensearch_monitor.go:163.2,163.38 1 1
github.com/opensearch-project/terraform-provider-opensearch/provider/resource_opensearch_monitor.go:163.38,165.3 1 0
github.com/opensearch-project/terraform-provider-opensearch/provider/resource_opensearch_monitor.go:167.2,167.55 1 1
github.com/opensearch-project/terraform-provider-opensearch/provider/resource_opensearch_monitor.go:167.55,169.3 1 0
github.com/opensearch-project/terraform-provider-opensearch/provider/resource_opensearch_monitor.go:170.2,174.22 5 1
github.com/opensearch-project/terraform-provider-opensearch/provider/resource_opensearch_monitor.go:177.111,184.16 5 1
github.com/opensearch-project/terraform-provider-opensearch/provider/resource_opensearch_monitor.go:184.16,186.3 1 0
github.com/opensearch-project/terraform-provider-opensearch/provider/resource_opensearch_monitor.go:189.2,190.16 2 1
github.com/opensearch-project/terraform-provider-opensearch/provider/resource_opensearch_monitor.go:190.16,192.3 1 0
github.com/opensearch-project/terraform-provider-opensearch/provider/resource_opensearch_monitor.go:193.2,197.16 3 1
github.com/opensearch-project/terraform-provider-opensearch/provider/resource_opensearch_monitor.go:197.16,199.3 1 0
github.com/opensearch-project/terraform-provider-opensearch/provider/resource_opensearch_monitor.go:200.2,204.16 3 1
github.com/opensearch-project/terraform-provider-opensearch/provider/resource_opensearch_monitor.go:204.16,206.3 1 0
github.com/opensearch-project/terraform-provider-opensearch/provider/resource_opensearch_monitor.go:208.2,208.53 1 1
github.com/opensearch-project/terraform-provider-opensearch/provider/resource_opensearch_monitor.go:208.53,210.3 1 0
github.com/opensearch-project/terraform-provider-opensearch/provider/resource_opensearch_monitor.go:212.2,212.55 1 1
github.com/opensearch-project/terraform-provider-opensearch/provider/resource_opensearch_monitor.go:212.55,214.3 1 0
github.com/opensearch-project/terraform-provider-opensearch/provider/resource_opensearch_monitor.go:215.2,216.22 2 1
github.com/opensearch-project/terraform-provider-opensearch/provider/resource_opensearch_monitor.go:219.110,226.16 5 1
github.com/opensearch-project/terraform-provider-opensearch/provider/resource_opensearch_monitor.go:226.16,228.3 1 0
github.com/opensearch-project/terraform-provider-opensearch/provider/resource_opensearch_monitor.go:231.2,232.16 2 1
github.com/opensearch-project/terraform-provider-opensearch/provider/resource_opensearch_monitor.go:232.16,234.3 1 0
github.com/opensearch-project/terraform-provider-opensearch/provider/resource_opensearch_monitor.go:235.2,239.16 3 1
github.com/opensearch-project/terraform-provider-opensearch/provider/resource_opensearch_monitor.go:239.16,241.3 1 0
github.com/opensearch-project/terraform-provider-opensearch/provider/resource_opensearch_monitor.go:242.2,246.16 3 1
github.com/opensearch-project/terraform-provider-opensearch/provider/resource_opensearch_monitor.go:246.16,248.3 1 0
github.com/opensearch-project/terraform-provider-opensearch/provider/resource_opensearch_monitor.go:250.2,250.53 1 1
github.com/opensearch-project/terraform-provider-opensearch/provider/resource_opensearch_monitor.go:250.53,252.3 1 0
github.com/opensearch-project/terraform-provider-opensearch/provider/resource_opensearch_monitor.go:254.2,254.55 1 1
github.com/opensearch-project/terraform-provider-opensearch/provider/resource_opensearch_monitor.go:254.55,256.3 1 0
github.com/opensearch-project/terraform-provider-opensearch/provider/resource_opensearch_monitor.go:258.2,258.22 1 1
github.com/opensearch-project/terraform-provider-opensearch/provider/resource_opensearch_role.go:114.48,126.2 1 1
github.com/opensearch-project/terraform-provider-opensearch/provider/resource_opensearch_role.go:128.90,129.69 1 1
github.com/opensearch-project/terraform-provider-opensearch/provider/resource_opensearch_role.go:129.69,132.3 2 0
github.com/opensearch-project/terraform-provider-opensearch/provider/resource_opensearch_role.go:134.2,136.51 3 1
github.com/opensearch-project/terraform-provider-opensearch/provider/resource_opensearch_role.go:139.88,142.16 2 1
github.com/opensearch-project/terraform-provider-opensearch/provider/resource_opensearch_role.go:142.16,143.22 1 0
github.com/opensearch-project/terraform-provider-opensearch/provider/resource_opensearch_role.go:143.22,147.4 3 0
github.com/opensearch-project/terraform-provider-opensearch/provider/resource_opensearch_role.go:148.3,148.13 1 0
github.com/opensearch-project/terraform-provider-opensearch/provider/resource_opensearch_role.go:151.2,151.51 1 1
github.com/opensearch-project/terraform-provider-opensearch/provider/resource_opensearch_role.go:151.51,153.3 1 0
github.com/opensearch-project/terraform-provider-opensearch/provider/resource_opensearch_role.go:154.2,154.101 1 1
github.com/opensearch-project/terraform-provider-opensearch/provider/resource_opensearch_role.go:154.101,156.3 1 0
github.com/opensearch-project/terraform-provider-opensearch/provider/resource_opensearch_role.go:157.2,157.77 1 1
github.com/opensearch-project/terraform-provider-opensearch/provider/resource_opensearch_role.go:157.77,159.3 1 0
github.com/opensearch-project/terraform-provider-opensearch/provider/resource_opensearch_role.go:160.2,160.101 1 1
github.com/opensearch-project/terraform-provider-opensearch/provider/resource_opensearch_role.go:160.101,162.3 1 0
github.com/opensearch-project/terraform-provider-opensearch/provider/resource_opensearch_role.go:163.2,163.62 1 1
github.com/opensearch-project/terraform-provider-opensearch/provider/resource_opensearch_role.go:163.62,165.3 1 0
github.com/opensearch-project/terraform-provider-opensearch/provider/resource_opensearch_role.go:167.2,167.12 1 1
github.com/opensearch-project/terraform-provider-opensearch/provider/resource_opensearch_role.go:170.90,171.69 1 1
github.com/opensearch-project/terraform-provider-opensearch/provider/resource_opensearch_role.go:171.69,173.3 1 0
github.com/opensearch-project/terraform-provider-opensearch/provider/resource_opensearch_role.go:175.2,175.51 1 1
github.com/opensearch-project/terraform-provider-opensearch/provider/resource_opensearch_role.go:178.90,183.16 4 1
github.com/opensearch-project/terraform-provider-opensearch/provider/resource_opensearch_role.go:183.16,185.3 1 0
github.com/opensearch-project/terraform-provider-opensearch/provider/resource_opensearch_role.go:187.2,188.16 2 1
github.com/opensearch-project/terraform-provider-opensearch/provider/resource_opensearch_role.go:188.16,190.3 1 0
github.com/opensearch-project/terraform-provider-opensearch/provider/resource_opensearch_role.go:193.2,195.52 3 1
github.com/opensearch-project/terraform-provider-opensearch/provider/resource_opensearch_role.go:195.52,196.18 1 1
github.com/opensearch-project/terraform-provider-opensearch/provider/resource_opensearch_role.go:196.18,198.4 1 0
github.com/opensearch-project/terraform-provider-opensearch/provider/resource_opensearch_role.go:200.3,201.112 2 1
github.com/opensearch-project/terraform-provider-opensearch/provider/resource_opensearch_role.go:201.112,202.9 1 1
github.com/opensearch-project/terraform-provider-opensearch/provider/resource_opensearch_role.go:205.3,205.18 1 0
github.com/opensearch-project/terraform-provider-opensearch/provider/resource_opensearch_role.go:205.18,207.4 1 0
github.com/opensearch-project/terraform-provider-opensearch/provider/resource_opensearch_role.go:210.2,210.16 1 1
github.com/opensearch-project/terraform-provider-opensearch/provider/resource_opensearch_role.go:210.16,212.3 1 0
github.com/opensearch-project/terraform-provider-opensearch/provider/resource_opensearch_role.go:213.2,216.53 2 1
github.com/opensearch-project/terraform-provider-opensearch/provider/resource_opensearch_role.go:216.53,218.3 1 1
github.com/opensearch-project/terraform-provider-opensearch/provider/resource_opensearch_role.go:220.2,220.84 1 0
github.com/opensearch-project/terraform-provider-opensearch/provider/resource_opensearch_role.go:223.90,229.16 5 1
github.com/opensearch-project/terraform-provider-opensearch/provider/resource_opensearch_role.go:229.16,231.3 1 0
github.com/opensearch-project/terraform-provider-opensearch/provider/resource_opensearch_role.go:234.2,235.16 2 1
github.com/opensearch-project/terraform-provider-opensearch/provider/resource_opensearch_role.go:235.16,237.3 1 0
github.com/opensearch-project/terraform-provider-opensearch/provider/resource_opensearch_role.go:240.2,241.16 2 1
github.com/opensearch-project/terraform-provider-opensearch/provider/resource_opensearch_role.go:241.16,243.3 1 0
github.com/opensearch-project/terraform-provider-opensearch/provider/resource_opensearch_role.go:244.2,248.16 3 1
github.com/opensearch-project/terraform-provider-opensearch/provider/resource_opensearch_role.go:248.16,250.3 1 0
github.com/opensearch-project/terraform-provider-opensearch/provider/resource_opensearch_role.go:253.2,253.44 1 1
github.com/opensearch-project/terraform-provider-opensearch/provider/resource_opensearch_role.go:253.44,255.3 1 1
github.com/opensearch-project/terraform-provider-opensearch/provider/resource_opensearch_role.go:257.2,257.38 1 1
github.com/opensearch-project/terraform-provider-opensearch/provider/resource_opensearch_role.go:257.38,259.3 1 0
github.com/opensearch-project/terraform-provider-opensearch/provider/resource_opensearch_role.go:261.2,263.62 2 1
github.com/opensearch-project/terraform-provider-opensearch/provider/resource_opensearch_role.go:263.62,265.3 1 0
github.com/opensearch-project/terraform-provider-opensearch/provider/resource_opensearch_role.go:267.2,269.19 2 1
github.com/opensearch-project/terraform-provider-opensearch/provider/resource_opensearch_role.go:272.104,276.16 3 1
github.com/opensearch-project/terraform-provider-opensearch/provider/resource_opensearch_role.go:276.16,278.3 1 0
github.com/opensearch-project/terraform-provider-opensearch/provider/resource_opensearch_role.go:279.2,280.39 2 1
github.com/opensearch-project/terraform-provider-opensearch/provider/resource_opensearch_role.go:280.39,289.3 2 1
github.com/opensearch-project/terraform-provider-opensearch/provider/resource_opensearch_role.go:291.2,292.16 2 1
github.com/opensearch-project/terraform-provider-opensearch/provider/resource_opensearch_role.go:292.16,294.3 1 0
github.com/opensearch-project/terraform-provider-opensearch/provider/resource_opensearch_role.go:295.2,296.43 2 1
github.com/opensearch-project/terraform-provider-opensearch/provider/resource_opensearch_role.go:296.43,302.3 2 1
github.com/opensearch-project/terraform-provider-opensearch/provider/resource_opensearch_role.go:304.2,312.16 3 1
github.com/opensearch-project/terraform-provider-opensearch/provider/resource_opensearch_role.go:312.16,314.3 1 0
github.com/opensearch-project/terraform-provider-opensearch/provider/resource_opensearch_role.go:316.2,320.16 4 1
github.com/opensearch-project/terraform-provider-opensearch/provider/resource_opensearch_role.go:320.16,322.3 1 0
github.com/opensearch-project/terraform-provider-opensearch/provider/resource_opensearch_role.go:325.2,326.16 2 1
github.com/opensearch-project/terraform-provider-opensearch/provider/resource_opensearch_role.go:326.16,328.3 1 0
github.com/opensearch-project/terraform-provider-opensearch/provider/resource_opensearch_role.go:329.2,335.52 4 1
github.com/opensearch-project/terraform-provider-opensearch/provider/resource_opensearch_role.go:335.52,336.18 1 1
github.com/opensearch-project/terraform-provider-opensearch/provider/resource_opensearch_role.go:336.18,339.4 1 0
github.com/opensearch-project/terraform-provider-opensearch/provider/resource_opensearch_role.go:341.3,342.17 2 1
github.com/opensearch-project/terraform-provider-opensearch/provider/resource_opensearch_role.go:342.17,344.99 1 1
github.com/opensearch-project/terraform-provider-opensearch/provider/resource_opensearch_role.go:344.99,345.10 1 1
github.com/opensearch-project/terraform-provider-opensearch/provider/resource_opensearch_role.go:347.4,347.21 1 0
github.com/opensearch-project/terraform-provider-opensearch/provider/resource_opensearch_role.go:348.9,350.30 1 0
github.com/opensearch-project/terraform-provider-opensearch/provider/resource_opensearch_role.go:350.30,351.13 1 0
github.com/opensearch-project/terraform-provider-opensearch/provider/resource_opensearch_role.go:356.2,356.16 1 1
github.com/opensearch-project/terraform-provider-opensearch/provider/resource_opensearch_role.go:356.16,358.3 1 0
github.com/opensearch-project/terraform-provider-opensearch/provider/resource_opensearch_role.go:359.2,363.16 3 1
github.com/opensearch-project/terraform-provider-opensearch/provider/resource_opensearch_role.go:363.16,365.3 1 0
github.com/opensearch-project/terraform-provider-opensearch/provider/resource_opensearch_role.go:368.2,368.53 1 1
github.com/opensearch-project/terraform-provider-opensearch/provider/resource_opensearch_role.go:368.53,370.3 1 0
github.com/opensearch-project/terraform-provider-opensearch/provider/resource_opensearch_role.go:372.2,372.55 1 1
github.com/opensearch-project/terraform-provider-opensearch/provider/resource_opensearch_role.go:372.55,374.3 1 0
github.com/opensearch-project/terraform-provider-opensearch/provider/resource_opensearch_role.go:376.2,376.22 1 1
github.com/opensearch-project/terraform-provider-opensearch/provider/resource_opensearch_roles_mapping.go:53.56,65.2 1 1
github.com/opensearch-project/terraform-provider-opensearch/provider/resource_opensearch_roles_mapping.go:67.98,68.77 1 1
github.com/opensearch-project/terraform-provider-opensearch/provider/resource_opensearch_roles_mapping.go:68.77,71.3 2 0
github.com/opensearch-project/terraform-provider-opensearch/provider/resource_opensearch_roles_mapping.go:73.2,75.59 3 1
github.com/opensearch-project/terraform-provider-opensearch/provider/resource_opensearch_roles_mapping.go:78.96,81.16 2 1
github.com/opensearch-project/terraform-provider-opensearch/provider/resource_opensearch_roles_mapping.go:81.16,82.22 1 0
github.com/opensearch-project/terraform-provider-opensearch/provider/resource_opensearch_roles_mapping.go:82.22,86.4 3 0
github.com/opensearch-project/terraform-provider-opensearch/provider/resource_opensearch_roles_mapping.go:87.3,87.13 1 0
github.com/opensearch-project/terraform-provider-opensearch/provider/resource_opensearch_roles_mapping.go:90.2,90.51 1 1
github.com/opensearch-project/terraform-provider-opensearch/provider/resource_opensearch_roles_mapping.go:90.51,92.3 1 0
github.com/opensearch-project/terraform-provider-opensearch/provider/resource_opensearch_roles_mapping.go:93.2,93.65 1 1
github.com/opensearch-project/terraform-provider-opensearch/provider/resource_opensearch_roles_mapping.go:93.65,95.3 1 0
github.com/opensearch-project/terraform-provider-opensearch/provider/resource_opensearch_roles_mapping.go:96.2,96.50 1 1
github.com/opensearch-project/terraform-provider-opensearch/provider/resource_opensearch_roles_mapping.go:96.50,98.3 1 0
github.com/opensearch-project/terraform-provider-opensearch/provider/resource_opensearch_roles_mapping.go:99.2,99.50 1 1
github.com/opensearch-project/terraform-provider-opensearch/provider/resource_opensearch_roles_mapping.go:99.50,101.3 1 0
github.com/opensearch-project/terraform-provider-opensearch/provider/resource_opensearch_roles_mapping.go:102.2,102.62 1 1
github.com/opensearch-project/terraform-provider-opensearch/provider/resource_opensearch_roles_mapping.go:102.62,104.3 1 0
github.com/opensearch-project/terraform-provider-opensearch/provider/resource_opensearch_roles_mapping.go:105.2,105.72 1 1
github.com/opensearch-project/terraform-provider-opensearch/provider/resource_opensearch_roles_mapping.go:105.72,107.3 1 0
github.com/opensearch-project/terraform-provider-opensearch/provider/resource_opensearch_roles_mapping.go:109.2,109.12 1 1
github.com/opensearch-project/terraform-provider-opensearch/provider/resource_opensearch_roles_mapping.go:112.98,113.77 1 1
github.com/opensearch-project/terraform-provider-opensearch/provider/resource_opensearch_roles_mapping.go:113.77,115.3 1 0
github.com/opensearch-project/terraform-provider-opensearch/provider/resource_opensearch_roles_mapping.go:117.2,117.59 1 1
github.com/opensearch-project/terraform-provider-opensearch/provider/resource_opensearch_roles_mapping.go:120.98,125.16 4 1
github.com/opensearch-project/terraform-provider-opensearch/provider/resource_opensearch_roles_mapping.go:125.16,127.3 1 0
github.com/opensearch-project/terraform-provider-opensearch/provider/resource_opensearch_roles_mapping.go:129.2,130.16 2 1
github.com/opensearch-project/terraform-provider-opensearch/provider/resource_opensearch_roles_mapping.go:130.16,132.3 1 0
github.com/opensearch-project/terraform-provider-opensearch/provider/resource_opensearch_roles_mapping.go:135.2,137.52 3 1
github.com/opensearch-project/terraform-provider-opensearch/provider/resource_opensearch_roles_mapping.go:137.52,138.18 1 1
github.com/opensearch-project/terraform-provider-opensearch/provider/resource_opensearch_roles_mapping.go:138.18,140.4 1 0
github.com/opensearch-project/terraform-provider-opensearch/provider/resource_opensearch_roles_mapping.go:142.3,143.112 2 1
github.com/opensearch-project/terraform-provider-opensearch/provider/resource_opensearch_roles_mapping.go:143.112,144.9 1 1
github.com/opensearch-project/terraform-provider-opensearch/provider/resource_opensearch_roles_mapping.go:147.3,147.18 1 0
github.com/opensearch-project/terraform-provider-opensearch/provider/resource_opensearch_roles_mapping.go:147.18,149.4 1 0
github.com/opensearch-project/terraform-provider-opensearch/provider/resource_opensearch_roles_mapping.go:152.2,152.16 1 1
github.com/opensearch-project/terraform-provider-opensearch/provider/resource_opensearch_roles_mapping.go:152.16,154.3 1 0
github.com/opensearch-project/terraform-provider-opensearch/provider/resource_opensearch_roles_mapping.go:155.2,158.53 2 1
github.com/opensearch-project/terraform-provider-opensearch/provider/resource_opensearch_roles_mapping.go:158.53,160.3 1 1
github.com/opensearch-project/terraform-provider-opensearch/provider/resource_opensearch_roles_mapping.go:162.2,162.92 1 0
github.com/opensearch-project/terraform-provider-opensearch/provider/resource_opensearch_roles_mapping.go:165.102,171.16 5 1
github.com/opensearch-project/terraform-provider-opensearch/provider/resource_opensearch_roles_mapping.go:171.16,173.3 1 0
github.com/opensearch-project/terraform-provider-opensearch/provider/resource_opensearch_roles_mapping.go:176.2,177.16 2 1
github.com/opensearch-project/terraform-provider-opensearch/provider/resource_opensearch_roles_mapping.go:177.16,179.3 1 0
github.com/opensearch-project/terraform-provider-opensearch/provider/resource_opensearch_roles_mapping.go:182.2,183.16 2 1
github.com/opensearch-project/terraform-provider-opensearch/provider/resource_opensearch_roles_mapping.go:183.16,185.3 1 0
github.com/opensearch-project/terraform-provider-opensearch/provider/resource_opensearch_roles_mapping.go:186.2,190.16 3 1
github.com/opensearch-project/terraform-provider-opensearch/provider/resource_opensearch_roles_mapping.go:190.16,192.3 1 0
github.com/opensearch-project/terraform-provider-opensearch/provider/resource_opensearch_roles_mapping.go:195.2,195.44 1 1
github.com/opensearch-project/terraform-provider-opensearch/provider/resource_opensearch_roles_mapping.go:195.44,197.3 1 0
github.com/opensearch-project/terraform-provider-opensearch/provider/resource_opensearch_roles_mapping.go:199.2,199.38 1 1
github.com/opensearch-project/terraform-provider-opensearch/provider/resource_opensearch_roles_mapping.go:199.38,201.3 1 0
github.com/opensearch-project/terraform-provider-opensearch/provider/resource_opensearch_roles_mapping.go:203.2,205.70 2 1
github.com/opensearch-project/terraform-provider-opensearch/provider/resource_opensearch_roles_mapping.go:205.70,207.3 1 0
github.com/opensearch-project/terraform-provider-opensearch/provider/resource_opensearch_roles_mapping.go:209.2,211.26 2 1
github.com/opensearch-project/terraform-provider-opensearch/provider/resource_opensearch_roles_mapping.go:214.119,227.16 5 1
github.com/opensearch-project/terraform-provider-opensearch/provider/resource_opensearch_roles_mapping.go:227.16,229.3 1 0
github.com/opensearch-project/terraform-provider-opensearch/provider/resource_opensearch_roles_mapping.go:231.2,235.16 4 1
github.com/opensearch-project/terraform-provider-opensearch/provider/resource_opensearch_roles_mapping.go:235.16,237.3 1 0
github.com/opensearch-project/terraform-provider-opensearch/provider/resource_opensearch_roles_mapping.go:240.2,241.16 2 1
github.com/opensearch-project/terraform-provider-opensearch/provider/resource_opensearch_roles_mapping.go:241.16,243.3 1 0
github.com/opensearch-project/terraform-provider-opensearch/provider/resource_opensearch_roles_mapping.go:244.2,250.52 4 1
github.com/opensearch-project/terraform-provider-opensearch/provider/resource_opensearch_roles_mapping.go:250.52,251.18 1 1
github.com/opensearch-project/terraform-provider-opensearch/provider/resource_opensearch_roles_mapping.go:251.18,254.4 1 0
github.com/opensearch-project/terraform-provider-opensearch/provider/resource_opensearch_roles_mapping.go:256.3,257.17 2 1
github.com/opensearch-project/terraform-provider-opensearch/provider/resource_opensearch_roles_mapping.go:257.17,259.99 1 1
github.com/opensearch-project/terraform-provider-opensearch/provider/resource_opensearch_roles_mapping.go:259.99,260.10 1 1
github.com/opensearch-project/terraform-provider-opensearch/provider/resource_opensearch_roles_mapping.go:262.4,262.21 1 0
github.com/opensearch-project/terraform-provider-opensearch/provider/resource_opensearch_roles_mapping.go:263.9,265.30 1 0
github.com/opensearch-project/terraform-provider-opensearch/provider/resource_opensearch_roles_mapping.go:265.30,266.13 1 0
github.com/opensearch-project/terraform-provider-opensearch/provider/resource_opensearch_roles_mapping.go:271.2,271.16 1 1
github.com/opensearch-project/terraform-provider-opensearch/provider/resource_opensearch_roles_mapping.go:271.16,273.3 1 0
github.com/opensearch-project/terraform-provider-opensearch/provider/resource_opensearch_roles_mapping.go:274.2,278.16 3 1
github.com/opensearch-project/terraform-provider-opensearch/provider/resource_opensearch_roles_mapping.go:278.16,280.3 1 0
github.com/opensearch-project/terraform-provider-opensearch/provider/resource_opensearch_roles_mapping.go:283.2,283.53 1 1
github.com/opensearch-project/terraform-provider-opensearch/provider/resource_opensearch_roles_mapping.go:283.53,285.3 1 0
github.com/opensearch-project/terraform-provider-opensearch/provider/resource_opensearch_roles_mapping.go:287.2,287.55 1 1
github.com/opensearch-project/terraform-provider-opensearch/provider/resource_opensearch_roles_mapping.go:287.55,289.3 1 0
github.com/opensearch-project/terraform-provider-opensearch/provider/resource_opensearch_roles_mapping.go:291.2,291.22 1 1
github.com/opensearch-project/terraform-provider-opensearch/provider/resource_opensearch_script.go:34.50,46.2 1 1
github.com/opensearch-project/terraform-provider-opensearch/provider/resource_opensearch_script.go:48.66,59.16 6 1
github.com/opensearch-project/terraform-provider-opensearch/provider/resource_opensearch_script.go:59.16,61.3 1 0
github.com/opensearch-project/terraform-provider-opensearch/provider/resource_opensearch_script.go:63.2,63.26 1 1
github.com/opensearch-project/terraform-provider-opensearch/provider/resource_opensearch_script.go:66.82,72.16 3 1
github.com/opensearch-project/terraform-provider-opensearch/provider/resource_opensearch_script.go:72.16,75.3 2 0
github.com/opensearch-project/terraform-provider-opensearch/provider/resource_opensearch_script.go:75.8,75.43 1 1
github.com/opensearch-project/terraform-provider-opensearch/provider/resource_opensearch_script.go:75.43,77.3 1 0
github.com/opensearch-project/terraform-provider-opensearch/provider/resource_opensearch_script.go:79.2,81.16 2 1
github.com/opensearch-project/terraform-provider-opensearch/provider/resource_opensearch_script.go:81.16,84.3 2 0
github.com/opensearch-project/terraform-provider-opensearch/provider/resource_opensearch_script.go:86.2,89.43 3 1
github.com/opensearch-project/terraform-provider-opensearch/provider/resource_opensearch_script.go:92.80,95.21 2 1
github.com/opensearch-project/terraform-provider-opensearch/provider/resource_opensearch_script.go:95.21,99.3 3 0
github.com/opensearch-project/terraform-provider-opensearch/provider/resource_opensearch_script.go:101.2,101.16 1 1
github.com/opensearch-project/terraform-provider-opensearch/provider/resource_opensearch_script.go:101.16,103.3 1 0
github.com/opensearch-project/terraform-provider-opensearch/provider/resource_opensearch_script.go:105.2,110.15 5 1
github.com/opensearch-project/terraform-provider-opensearch/provider/resource_opensearch_script.go:113.82,116.16 2 1
github.com/opensearch-project/terraform-provider-opensearch/provider/resource_opensearch_script.go:116.16,118.3 1 0
github.com/opensearch-project/terraform-provider-opensearch/provider/resource_opensearch_script.go:120.2,120.43 1 1
github.com/opensearch-project/terraform-provider-opensearch/provider/resource_opensearch_script.go:123.82,125.16 2 1
github.com/opensearch-project/terraform-provider-opensearch/provider/resource_opensearch_script.go:125.16,127.3 1 0
github.com/opensearch-project/terraform-provider-opensearch/provider/resource_opensearch_script.go:128.2,132.12 2 1
github.com/opensearch-project/terraform-provider-opensearch/provider/resource_opensearch_script.go:135.86,137.16 2 1
github.com/opensearch-project/terraform-provider-opensearch/provider/resource_opensearch_script.go:137.16,139.3 1 0
github.com/opensearch-project/terraform-provider-opensearch/provider/resource_opensearch_script.go:140.2,143.16 2 1
github.com/opensearch-project/terraform-provider-opensearch/provider/resource_opensearch_script.go:143.16,145.3 1 1
github.com/opensearch-project/terraform-provider-opensearch/provider/resource_opensearch_script.go:147.2,151.20 4 1
github.com/opensearch-project/terraform-provider-opensearch/provider/resource_opensearch_script.go:154.89,159.16 4 1
github.com/opensearch-project/terraform-provider-opensearch/provider/resource_opensearch_script.go:159.16,161.3 1 0
github.com/opensearch-project/terraform-provider-opensearch/provider/resource_opensearch_script.go:163.2,164.16 2 1
github.com/opensearch-project/terraform-provider-opensearch/provider/resource_opensearch_script.go:164.16,166.3 1 0
github.com/opensearch-project/terraform-provider-opensearch/provider/resource_opensearch_script.go:167.2,172.16 2 1
github.com/opensearch-project/terraform-provider-opensearch/provider/resource_opensearch_script.go:172.16,174.3 1 0
github.com/opensearch-project/terraform-provider-opensearch/provider/resource_opensearch_script.go:176.2,176.22 1 1
github.com/opensearch-project/terraform-provider-opensearch/provider/resource_opensearch_sm_policy.go:32.41,35.4 2 1
github.com/opensearch-project/terraform-provider-opensearch/provider/resource_opensearch_sm_policy.go:51.52,60.115 1 1
github.com/opensearch-project/terraform-provider-opensearch/provider/resource_opensearch_sm_policy.go:60.115,62.19 2 0
github.com/opensearch-project/terraform-provider-opensearch/provider/resource_opensearch_sm_policy.go:62.19,64.6 1 0
github.com/opensearch-project/terraform-provider-opensearch/provider/resource_opensearch_sm_policy.go:66.5,67.42 2 0
github.com/opensearch-project/terraform-provider-opensearch/provider/resource_opensearch_sm_policy.go:73.84,76.16 2 1
github.com/opensearch-project/terraform-provider-opensearch/provider/resource_opensearch_sm_policy.go:76.16,79.3 2 0
github.com/opensearch-project/terraform-provider-opensearch/provider/resource_opensearch_sm_policy.go:81.2,82.45 2 1
github.com/opensearch-project/terraform-provider-opensearch/provider/resource_opensearch_sm_policy.go:85.82,88.16 2 1
github.com/opensearch-project/terraform-provider-opensearch/provider/resource_opensearch_sm_policy.go:88.16,89.22 1 0
github.com/opensearch-project/terraform-provider-opensearch/provider/resource_opensearch_sm_policy.go:89.22,93.4 3 0
github.com/opensearch-project/terraform-provider-opensearch/provider/resource_opensearch_sm_policy.go:94.3,94.13 1 0
github.com/opensearch-project/terraform-provider-opensearch/provider/resource_opensearch_sm_policy.go:97.2,98.16 2 1
github.com/opensearch-project/terraform-provider-opensearch/provider/resource_opensearch_sm_policy.go:98.16,100.3 1 0
github.com/opensearch-project/terraform-provider-opensearch/provider/resource_opensearch_sm_policy.go:102.2,104.76 2 1
github.com/opensearch-project/terraform-provider-opensearch/provider/resource_opensearch_sm_policy.go:104.76,106.3 1 0
github.com/opensearch-project/terraform-provider-opensearch/provider/resource_opensearch_sm_policy.go:107.2,107.60 1 1
github.com/opensearch-project/terraform-provider-opensearch/provider/resource_opensearch_sm_policy.go:107.60,109.3 1 0
github.com/opensearch-project/terraform-provider-opensearch/provider/resource_opensearch_sm_policy.go:110.2,110.74 1 1
github.com/opensearch-project/terraform-provider-opensearch/provider/resource_opensearch_sm_policy.go:110.74,112.3 1 0
github.com/opensearch-project/terraform-provider-opensearch/provider/resource_opensearch_sm_policy.go:113.2,113.62 1 1
github.com/opensearch-project/terraform-provider-opensearch/provider/resource_opensearch_sm_policy.go:113.62,115.3 1 0
github.com/opensearch-project/terraform-provider-opensearch/provider/resource_opensearch_sm_policy.go:117.2,117.12 1 1
github.com/opensearch-project/terraform-provider-opensearch/provider/resource_opensearch_sm_policy.go:120.84,121.74 1 1
github.com/opensearch-project/terraform-provider-opensearch/provider/resource_opensearch_sm_policy.go:121.74,123.3 1 0
github.com/opensearch-project/terraform-provider-opensearch/provider/resource_opensearch_sm_policy.go:125.2,125.45 1 1
github.com/opensearch-project/terraform-provider-opensearch/provider/resource_opensearch_sm_policy.go:128.84,132.16 3 1
github.com/opensearch-project/terraform-provider-opensearch/provider/resource_opensearch_sm_policy.go:132.16,134.3 1 0
github.com/opensearch-project/terraform-provider-opensearch/provider/resource_opensearch_sm_policy.go:137.2,139.52 3 1
github.com/opensearch-project/terraform-provider-opensearch/provider/resource_opensearch_sm_policy.go:139.52,140.18 1 1
github.com/opensearch-project/terraform-provider-opensearch/provider/resource_opensearch_sm_policy.go:140.18,143.4 1 0
github.com/opensearch-project/terraform-provider-opensearch/provider/resource_opensearch_sm_policy.go:146.3,147.17 2 1
github.com/opensearch-project/terraform-provider-opensearch/provider/resource_opensearch_sm_policy.go:147.17,149.4 1 0
github.com/opensearch-project/terraform-provider-opensearch/provider/resource_opensearch_sm_policy.go:151.3,152.17 2 1
github.com/opensearch-project/terraform-provider-opensearch/provider/resource_opensearch_sm_policy.go:152.17,154.46 1 1
github.com/opensearch-project/terraform-provider-opensearch/provider/resource_opensearch_sm_policy.go:154.46,155.10 1 1
github.com/opensearch-project/terraform-provider-opensearch/provider/resource_opensearch_sm_policy.go:157.4,157.21 1 0
github.com/opensearch-project/terraform-provider-opensearch/provider/resource_opensearch_sm_policy.go:161.2,161.16 1 1
github.com/opensearch-project/terraform-provider-opensearch/provider/resource_opensearch_sm_policy.go:161.16,163.3 1 0
github.com/opensearch-project/terraform-provider-opensearch/provider/resource_opensearch_sm_policy.go:164.2,167.53 2 1
github.com/opensearch-project/terraform-provider-opensearch/provider/resource_opensearch_sm_policy.go:167.53,169.3 1 1
github.com/opensearch-project/terraform-provider-opensearch/provider/resource_opensearch_sm_policy.go:171.2,171.86 1 0
github.com/opensearch-project/terraform-provider-opensearch/provider/resource_opensearch_sm_policy.go:174.96,180.16 4 1
github.com/opensearch-project/terraform-provider-opensearch/provider/resource_opensearch_sm_policy.go:180.16,182.3 1 0
github.com/opensearch-project/terraform-provider-opensearch/provider/resource_opensearch_sm_policy.go:185.2,186.16 2 1
github.com/opensearch-project/terraform-provider-opensearch/provider/resource_opensearch_sm_policy.go:186.16,188.3 1 0
github.com/opensearch-project/terraform-provider-opensearch/provider/resource_opensearch_sm_policy.go:191.2,192.16 2 1
github.com/opensearch-project/terraform-provider-opensearch/provider/resource_opensearch_sm_policy.go:192.16,194.3 1 0
github.com/opensearch-project/terraform-provider-opensearch/provider/resource_opensearch_sm_policy.go:195.2,199.16 3 1
github.com/opensearch-project/terraform-provider-opensearch/provider/resource_opensearch_sm_policy.go:199.16,201.3 1 0
github.com/opensearch-project/terraform-provider-opensearch/provider/resource_opensearch_sm_policy.go:203.2,203.44 1 1
github.com/opensearch-project/terraform-provider-opensearch/provider/resource_opensearch_sm_policy.go:203.44,205.3 1 1
github.com/opensearch-project/terraform-provider-opensearch/provider/resource_opensearch_sm_policy.go:207.2,207.38 1 1
github.com/opensearch-project/terraform-provider-opensearch/provider/resource_opensearch_sm_policy.go:207.38,209.3 1 0
github.com/opensearch-project/terraform-provider-opensearch/provider/resource_opensearch_sm_policy.go:211.2,211.56 1 1
github.com/opensearch-project/terraform-provider-opensearch/provider/resource_opensearch_sm_policy.go:211.56,213.3 1 0
github.com/opensearch-project/terraform-provider-opensearch/provider/resource_opensearch_sm_policy.go:215.2,217.23 2 1
github.com/opensearch-project/terraform-provider-opensearch/provider/resource_opensearch_sm_policy.go:220.121,227.30 6 1
github.com/opensearch-project/terraform-provider-opensearch/provider/resource_opensearch_sm_policy.go:227.30,230.3 2 1
github.com/opensearch-project/terraform-provider-opensearch/provider/resource_opensearch_sm_policy.go:232.2,235.16 3 1
github.com/opensearch-project/terraform-provider-opensearch/provider/resource_opensearch_sm_policy.go:235.16,237.3 1 0
github.com/opensearch-project/terraform-provider-opensearch/provider/resource_opensearch_sm_policy.go:240.2,243.52 4 1
github.com/opensearch-project/terraform-provider-opensearch/provider/resource_opensearch_sm_policy.go:243.52,244.18 1 1
github.com/opensearch-project/terraform-provider-opensearch/provider/resource_opensearch_sm_policy.go:244.18,247.4 1 0
github.com/opensearch-project/terraform-provider-opensearch/provider/resource_opensearch_sm_policy.go:250.3,251.17 2 1
github.com/opensearch-project/terraform-provider-opensearch/provider/resource_opensearch_sm_policy.go:251.17,253.4 1 0
github.com/opensearch-project/terraform-provider-opensearch/provider/resource_opensearch_sm_policy.go:254.3,257.17 3 1
github.com/opensearch-project/terraform-provider-opensearch/provider/resource_opensearch_sm_policy.go:257.17,261.18 3 1
github.com/opensearch-project/terraform-provider-opensearch/provider/resource_opensearch_sm_policy.go:261.18,263.5 1 0
github.com/opensearch-project/terraform-provider-opensearch/provider/resource_opensearch_sm_policy.go:266.4,266.46 1 1
github.com/opensearch-project/terraform-provider-opensearch/provider/resource_opensearch_sm_policy.go:266.46,267.10 1 1
github.com/opensearch-project/terraform-provider-opensearch/provider/resource_opensearch_sm_policy.go:272.2,272.16 1 1
github.com/opensearch-project/terraform-provider-opensearch/provider/resource_opensearch_sm_policy.go:272.16,274.3 1 0
github.com/opensearch-project/terraform-provider-opensearch/provider/resource_opensearch_sm_policy.go:277.2,277.53 1 1
github.com/opensearch-project/terraform-provider-opensearch/provider/resource_opensearch_sm_policy.go:277.53,279.3 1 0
github.com/opensearch-project/terraform-provider-opensearch/provider/resource_opensearch_sm_policy.go:281.2,281.55 1 1
github.com/opensearch-project/terraform-provider-opensearch/provider/resource_opensearch_sm_policy.go:281.55,283.3 1 0
github.com/opensearch-project/terraform-provider-opensearch/provider/resource_opensearch_sm_policy.go:285.2,285.22 1 1
github.com/opensearch-project/terraform-provider-opensearch/provider/resource_opensearch_sm_policy.go:296.76,298.57 2 1
github.com/opensearch-project/terraform-provider-opensearch/provider/resource_opensearch_sm_policy.go:298.57,300.3 1 1
github.com/opensearch-project/terraform-provider-opensearch/provider/resource_opensearch_sm_policy.go:301.2,301.57 1 1
github.com/opensearch-project/terraform-provider-opensearch/provider/resource_opensearch_sm_policy.go:301.57,303.3 1 0
github.com/opensearch-project/terraform-provider-opensearch/provider/resource_opensearch_sm_policy.go:305.2,306.8 2 1
github.com/opensearch-project/terraform-provider-opensearch/provider/resource_opensearch_sm_policy.go:306.8,308.3 1 1
github.com/opensearch-project/terraform-provider-opensearch/provider/resource_opensearch_sm_policy.go:310.2,311.8 2 1
github.com/opensearch-project/terraform-provider-opensearch/provider/resource_opensearch_sm_policy.go:311.8,313.3 1 1
github.com/opensearch-project/terraform-provider-opensearch/provider/resource_opensearch_sm_policy.go:316.2,316.32 1 1
github.com/opensearch-project/terraform-provider-opensearch/provider/resource_opensearch_sm_policy.go:316.32,318.3 1 1
github.com/opensearch-project/terraform-provider-opensearch/provider/resource_opensearch_sm_policy.go:320.2,320.48 1 1
github.com/opensearch-project/terraform-provider-opensearch/provider/resource_opensearch_sm_policy.go:320.48,322.3 1 1
github.com/opensearch-project/terraform-provider-opensearch/provider/resource_opensearch_sm_policy.go:324.2,324.40 1 1
github.com/opensearch-project/terraform-provider-opensearch/provider/resource_opensearch_sm_policy.go:324.40,326.3 1 1
github.com/opensearch-project/terraform-provider-opensearch/provider/resource_opensearch_sm_policy.go:328.2,328.34 1 1
github.com/opensearch-project/terraform-provider-opensearch/provider/resource_opensearch_snapshot_repository.go:12.62,41.2 1 1
github.com/opensearch-project/terraform-provider-opensearch/provider/resource_opensearch_snapshot_repository.go:43.97,45.16 2 1
github.com/opensearch-project/terraform-provider-opensearch/provider/resource_opensearch_snapshot_repository.go:45.16,47.3 1 0
github.com/opensearch-project/terraform-provider-opensearch/provider/resource_opensearch_snapshot_repository.go:48.2,49.12 2 1
github.com/opensearch-project/terraform-provider-opensearch/provider/resource_opensearch_snapshot_repository.go:52.95,59.16 6 1
github.com/opensearch-project/terraform-provider-opensearch/provider/resource_opensearch_snapshot_repository.go:59.16,61.3 1 0
github.com/opensearch-project/terraform-provider-opensearch/provider/resource_opensearch_snapshot_repository.go:62.2,64.16 2 1
github.com/opensearch-project/terraform-provider-opensearch/provider/resource_opensearch_snapshot_repository.go:64.16,66.3 1 0
github.com/opensearch-project/terraform-provider-opensearch/provider/resource_opensearch_snapshot_repository.go:68.2,72.15 5 1
github.com/opensearch-project/terraform-provider-opensearch/provider/resource_opensearch_snapshot_repository.go:75.105,79.16 2 1
github.com/opensearch-project/terraform-provider-opensearch/provider/resource_opensearch_snapshot_repository.go:79.16,81.3 1 0
github.com/opensearch-project/terraform-provider-opensearch/provider/resource_opensearch_snapshot_repository.go:83.2,83.35 1 1
github.com/opensearch-project/terraform-provider-opensearch/provider/resource_opensearch_snapshot_repository.go:83.35,86.35 2 1
github.com/opensearch-project/terraform-provider-opensearch/provider/resource_opensearch_snapshot_repository.go:86.35,88.4 1 1
github.com/opensearch-project/terraform-provider-opensearch/provider/resource_opensearch_snapshot_repository.go:89.3,89.34 1 1
github.com/opensearch-project/terraform-provider-opensearch/provider/resource_opensearch_snapshot_repository.go:92.2,92.46 1 0
github.com/opensearch-project/terraform-provider-opensearch/provider/resource_opensearch_snapshot_repository.go:95.97,101.38 4 1
github.com/opensearch-project/terraform-provider-opensearch/provider/resource_opensearch_snapshot_repository.go:101.38,103.3 1 1
github.com/opensearch-project/terraform-provider-opensearch/provider/resource_opensearch_snapshot_repository.go:105.2,107.16 3 1
github.com/opensearch-project/terraform-provider-opensearch/provider/resource_opensearch_snapshot_repository.go:107.16,109.3 1 0
github.com/opensearch-project/terraform-provider-opensearch/provider/resource_opensearch_snapshot_repository.go:110.2,112.12 2 1
github.com/opensearch-project/terraform-provider-opensearch/provider/resource_opensearch_snapshot_repository.go:115.132,123.16 3 1
github.com/opensearch-project/terraform-provider-opensearch/provider/resource_opensearch_snapshot_repository.go:123.16,125.3 1 0
github.com/opensearch-project/terraform-provider-opensearch/provider/resource_opensearch_snapshot_repository.go:127.2,131.12 2 1
github.com/opensearch-project/terraform-provider-opensearch/provider/resource_opensearch_snapshot_repository.go:134.97,139.16 4 1
github.com/opensearch-project/terraform-provider-opensearch/provider/resource_opensearch_snapshot_repository.go:139.16,141.3 1 0
github.com/opensearch-project/terraform-provider-opensearch/provider/resource_opensearch_snapshot_repository.go:142.2,146.16 2 1
github.com/opensearch-project/terraform-provider-opensearch/provider/resource_opensearch_snapshot_repository.go:146.16,148.3 1 0
github.com/opensearch-project/terraform-provider-opensearch/provider/resource_opensearch_snapshot_repository.go:149.2,150.12 2 1
github.com/opensearch-project/terraform-provider-opensearch/provider/resource_opensearch_user.go:56.48,68.2 1 1
github.com/opensearch-project/terraform-provider-opensearch/provider/resource_opensearch_user.go:70.90,73.16 2 1
github.com/opensearch-project/terraform-provider-opensearch/provider/resource_opensearch_user.go:73.16,75.3 1 0
github.com/opensearch-project/terraform-provider-opensearch/provider/resource_opensearch_user.go:77.2,79.51 3 1
github.com/opensearch-project/terraform-provider-opensearch/provider/resource_opensearch_user.go:82.88,85.16 2 1
github.com/opensearch-project/terraform-provider-opensearch/provider/resource_opensearch_user.go:85.16,86.22 1 0
github.com/opensearch-project/terraform-provider-opensearch/provider/resource_opensearch_user.go:86.22,90.4 3 0
github.com/opensearch-project/terraform-provider-opensearch/provider/resource_opensearch_user.go:91.3,91.13 1 0
github.com/opensearch-project/terraform-provider-opensearch/provider/resource_opensearch_user.go:94.2,99.15 6 1
github.com/opensearch-project/terraform-provider-opensearch/provider/resource_opensearch_user.go:102.90,103.69 1 1
github.com/opensearch-project/terraform-provider-opensearch/provider/resource_opensearch_user.go:103.69,105.3 1 0
github.com/opensearch-project/terraform-provider-opensearch/provider/resource_opensearch_user.go:107.2,107.51 1 1
github.com/opensearch-project/terraform-provider-opensearch/provider/resource_opensearch_user.go:110.90,117.16 5 1
github.com/opensearch-project/terraform-provider-opensearch/provider/resource_opensearch_user.go:117.16,119.3 1 0
github.com/opensearch-project/terraform-provider-opensearch/provider/resource_opensearch_user.go:122.2,123.16 2 1
github.com/opensearch-project/terraform-provider-opensearch/provider/resource_opensearch_user.go:123.16,125.3 1 0
github.com/opensearch-project/terraform-provider-opensearch/provider/resource_opensearch_user.go:128.2,130.52 3 1
github.com/opensearch-project/terraform-provider-opensearch/provider/resource_opensearch_user.go:130.52,131.18 1 1
github.com/opensearch-project/terraform-provider-opensearch/provider/resource_opensearch_user.go:131.18,133.4 1 1
github.com/opensearch-project/terraform-provider-opensearch/provider/resource_opensearch_user.go:135.3,136.112 2 1
github.com/opensearch-project/terraform-provider-opensearch/provider/resource_opensearch_user.go:136.112,137.9 1 1
github.com/opensearch-project/terraform-provider-opensearch/provider/resource_opensearch_user.go:140.3,140.18 1 1
github.com/opensearch-project/terraform-provider-opensearch/provider/resource_opensearch_user.go:140.18,142.4 1 1
github.com/opensearch-project/terraform-provider-opensearch/provider/resource_opensearch_user.go:145.2,145.16 1 1
github.com/opensearch-project/terraform-provider-opensearch/provider/resource_opensearch_user.go:145.16,147.3 1 0
github.com/opensearch-project/terraform-provider-opensearch/provider/resource_opensearch_user.go:148.2,151.53 2 1
github.com/opensearch-project/terraform-provider-opensearch/provider/resource_opensearch_user.go:151.53,153.3 1 1
github.com/opensearch-project/terraform-provider-opensearch/provider/resource_opensearch_user.go:155.2,155.84 1 0
github.com/opensearch-project/terraform-provider-opensearch/provider/resource_opensearch_user.go:158.90,166.16 6 1
github.com/opensearch-project/terraform-provider-opensearch/provider/resource_opensearch_user.go:166.16,168.3 1 0
github.com/opensearch-project/terraform-provider-opensearch/provider/resource_opensearch_user.go:171.2,172.16 2 1
github.com/opensearch-project/terraform-provider-opensearch/provider/resource_opensearch_user.go:172.16,174.3 1 0
github.com/opensearch-project/terraform-provider-opensearch/provider/resource_opensearch_user.go:177.2,178.16 2 1
github.com/opensearch-project/terraform-provider-opensearch/provider/resource_opensearch_user.go:178.16,180.3 1 0
github.com/opensearch-project/terraform-provider-opensearch/provider/resource_opensearch_user.go:181.2,187.16 4 1
github.com/opensearch-project/terraform-provider-opensearch/provider/resource_opensearch_user.go:187.16,189.3 1 0
github.com/opensearch-project/terraform-provider-opensearch/provider/resource_opensearch_user.go:191.2,194.44 2 1
github.com/opensearch-project/terraform-provider-opensearch/provider/resource_opensearch_user.go:194.44,196.3 1 1
github.com/opensearch-project/terraform-provider-opensearch/provider/resource_opensearch_user.go:198.2,198.38 1 1
github.com/opensearch-project/terraform-provider-opensearch/provider/resource_opensearch_user.go:198.38,200.3 1 0
github.com/opensearch-project/terraform-provider-opensearch/provider/resource_opensearch_user.go:202.2,204.62 2 1
github.com/opensearch-project/terraform-provider-opensearch/provider/resource_opensearch_user.go:204.62,206.3 1 0
github.com/opensearch-project/terraform-provider-opensearch/provider/resource_opensearch_user.go:208.2,210.19 2 1
github.com/opensearch-project/terraform-provider-opensearch/provider/resource_opensearch_user.go:213.104,222.29 3 1
github.com/opensearch-project/terraform-provider-opensearch/provider/resource_opensearch_user.go:222.29,224.3 1 1
github.com/opensearch-project/terraform-provider-opensearch/provider/resource_opensearch_user.go:225.2,225.34 1 1
github.com/opensearch-project/terraform-provider-opensearch/provider/resource_opensearch_user.go:225.34,227.3 1 1
github.com/opensearch-project/terraform-provider-opensearch/provider/resource_opensearch_user.go:229.2,230.16 2 1
github.com/opensearch-project/terraform-provider-opensearch/provider/resource_opensearch_user.go:230.16,232.3 1 0
github.com/opensearch-project/terraform-provider-opensearch/provider/resource_opensearch_user.go:234.2,238.16 4 1
github.com/opensearch-project/terraform-provider-opensearch/provider/resource_opensearch_user.go:238.16,240.3 1 0
github.com/opensearch-project/terraform-provider-opensearch/provider/resource_opensearch_user.go:242.2,248.52 4 1
github.com/opensearch-project/terraform-provider-opensearch/provider/resource_opensearch_user.go:248.52,249.18 1 1
github.com/opensearch-project/terraform-provider-opensearch/provider/resource_opensearch_user.go:249.18,253.4 2 1
github.com/opensearch-project/terraform-provider-opensearch/provider/resource_opensearch_user.go:256.3,257.17 2 1
github.com/opensearch-project/terraform-provider-opensearch/provider/resource_opensearch_user.go:257.17,259.4 1 0
github.com/opensearch-project/terraform-provider-opensearch/provider/resource_opensearch_user.go:260.3,263.17 3 1
github.com/opensearch-project/terraform-provider-opensearch/provider/resource_opensearch_user.go:263.17,265.99 1 1
github.com/opensearch-project/terraform-provider-opensearch/provider/resource_opensearch_user.go:265.99,266.10 1 1
github.com/opensearch-project/terraform-provider-opensearch/provider/resource_opensearch_user.go:269.4,269.21 1 1
github.com/opensearch-project/terraform-provider-opensearch/provider/resource_opensearch_user.go:273.2,273.16 1 1
github.com/opensearch-project/terraform-provider-opensearch/provider/resource_opensearch_user.go:273.16,276.3 2 0
github.com/opensearch-project/terraform-provider-opensearch/provider/resource_opensearch_user.go:277.2,281.16 3 1
github.com/opensearch-project/terraform-provider-opensearch/provider/resource_opensearch_user.go:281.16,283.3 1 0
github.com/opensearch-project/terraform-provider-opensearch/provider/resource_opensearch_user.go:286.2,286.53 1 1
github.com/opensearch-project/terraform-provider-opensearch/provider/resource_opensearch_user.go:286.53,288.3 1 0
github.com/opensearch-project/terraform-provider-opensearch/provider/resource_opensearch_user.go:290.2,290.55 1 1
github.com/opensearch-project/terraform-provider-opensearch/provider/resource_opensearch_user.go:290.55,292.3 1 0
github.com/opensearch-project/terraform-provider-opensearch/provider/resource_opensearch_user.go:294.2,294.22 1 1
github.com/opensearch-project/terraform-provider-opensearch/provider/util.go:19.64,27.62 4 1
github.com/opensearch-project/terraform-provider-opensearch/provider/util.go:27.62,29.68 1 1
github.com/opensearch-project/terraform-provider-opensearch/provider/util.go:29.68,31.56 1 1
github.com/opensearch-project/terraform-provider-opensearch/provider/util.go:31.56,32.90 1 1
github.com/opensearch-project/terraform-provider-opensearch/provider/util.go:32.90,34.6 1 1
github.com/opensearch-project/terraform-provider-opensearch/provider/util.go:37.4,37.63 1 1
github.com/opensearch-project/terraform-provider-opensearch/provider/util.go:37.63,39.5 1 1
github.com/opensearch-project/terraform-provider-opensearch/provider/util.go:44.51,46.53 1 1
github.com/opensearch-project/terraform-provider-opensearch/provider/util.go:46.53,48.3 1 1
github.com/opensearch-project/terraform-provider-opensearch/provider/util.go:50.2,50.57 1 1
github.com/opensearch-project/terraform-provider-opensearch/provider/util.go:50.57,52.3 1 1
github.com/opensearch-project/terraform-provider-opensearch/provider/util.go:55.2,63.56 7 1
github.com/opensearch-project/terraform-provider-opensearch/provider/util.go:66.55,67.29 1 1
github.com/opensearch-project/terraform-provider-opensearch/provider/util.go:67.29,68.52 1 0
github.com/opensearch-project/terraform-provider-opensearch/provider/util.go:68.52,71.61 2 0
github.com/opensearch-project/terraform-provider-opensearch/provider/util.go:71.61,73.5 1 0
github.com/opensearch-project/terraform-provider-opensearch/provider/util.go:78.60,79.28 1 0
github.com/opensearch-project/terraform-provider-opensearch/provider/util.go:79.28,82.3 2 0
github.com/opensearch-project/terraform-provider-opensearch/provider/util.go:85.50,90.49 5 1
github.com/opensearch-project/terraform-provider-opensearch/provider/util.go:90.49,91.26 1 1
github.com/opensearch-project/terraform-provider-opensearch/provider/util.go:91.26,93.4 1 1
github.com/opensearch-project/terraform-provider-opensearch/provider/util.go:95.3,95.43 1 1
github.com/opensearch-project/terraform-provider-opensearch/provider/util.go:96.31,97.42 1 0
github.com/opensearch-project/terraform-provider-opensearch/provider/util.go:98.22,99.32 1 1
github.com/opensearch-project/terraform-provider-opensearch/provider/util.go:99.32,100.55 1 1
github.com/opensearch-project/terraform-provider-opensearch/provider/util.go:100.55,102.6 1 1
github.com/opensearch-project/terraform-provider-opensearch/provider/util.go:104.11,105.71 1 1
github.com/opensearch-project/terraform-provider-opensearch/provider/util.go:109.2,109.53 1 1
github.com/opensearch-project/terraform-provider-opensearch/provider/util.go:109.53,110.28 1 1
github.com/opensearch-project/terraform-provider-opensearch/provider/util.go:110.28,111.51 1 1
github.com/opensearch-project/terraform-provider-opensearch/provider/util.go:111.51,113.5 1 1
github.com/opensearch-project/terraform-provider-opensearch/provider/util.go:117.2,117.61 1 1
github.com/opensearch-project/terraform-provider-opensearch/provider/util.go:117.61,118.32 1 1
github.com/opensearch-project/terraform-provider-opensearch/provider/util.go:118.32,120.4 1 1
github.com/opensearch-project/terraform-provider-opensearch/provider/util.go:124.57,127.35 2 1
github.com/opensearch-project/terraform-provider-opensearch/provider/util.go:127.35,128.59 1 1
github.com/opensearch-project/terraform-provider-opensearch/provider/util.go:128.59,130.4 1 1
github.com/opensearch-project/terraform-provider-opensearch/provider/util.go:133.2,133.41 1 1
github.com/opensearch-project/terraform-provider-opensearch/provider/util.go:133.41,134.63 1 1
github.com/opensearch-project/terraform-provider-opensearch/provider/util.go:134.63,135.29 1 1
github.com/opensearch-project/terraform-provider-opensearch/provider/util.go:135.29,137.5 1 1
github.com/opensearch-project/terraform-provider-opensearch/provider/util.go:137.10,139.5 1 0
github.com/opensearch-project/terraform-provider-opensearch/provider/util.go:140.9,142.4 1 0
github.com/opensearch-project/terraform-provider-opensearch/provider/util.go:145.2,145.41 1 1
github.com/opensearch-project/terraform-provider-opensearch/provider/util.go:145.41,146.88 1 1
github.com/opensearch-project/terraform-provider-opensearch/provider/util.go:146.88,148.4 1 0
github.com/opensearch-project/terraform-provider-opensearch/provider/util.go:151.2,151.39 1 1
github.com/opensearch-project/terraform-provider-opensearch/provider/util.go:151.39,152.85 1 1
github.com/opensearch-project/terraform-provider-opensearch/provider/util.go:152.85,154.4 1 0
github.com/opensearch-project/terraform-provider-opensearch/provider/util.go:157.2,157.66 1 1
github.com/opensearch-project/terraform-provider-opensearch/provider/util.go:157.66,158.47 1 0
github.com/opensearch-project/terraform-provider-opensearch/provider/util.go:158.47,159.64 1 0
github.com/opensearch-project/terraform-provider-opensearch/provider/util.go:159.64,161.5 1 0
github.com/opensearch-project/terraform-provider-opensearch/provider/util.go:170.67,175.71 2 1
github.com/opensearch-project/terraform-provider-opensearch/provider/util.go:175.71,176.29 1 1
github.com/opensearch-project/terraform-provider-opensearch/provider/util.go:176.29,177.21 1 0
github.com/opensearch-project/terraform-provider-opensearch/provider/util.go:177.21,179.5 1 0
github.com/opensearch-project/terraform-provider-opensearch/provider/util.go:183.2,183.41 1 1
github.com/opensearch-project/terraform-provider-opensearch/provider/util.go:183.41,184.63 1 1
github.com/opensearch-project/terraform-provider-opensearch/provider/util.go:184.63,185.51 1 1
github.com/opensearch-project/terraform-provider-opensearch/provider/util.go:185.51,186.65 1 1
github.com/opensearch-project/terraform-provider-opensearch/provider/util.go:186.65,188.6 1 1
github.com/opensearch-project/terraform-provider-opensearch/provider/util.go:194.61,196.41 2 1
github.com/opensearch-project/terraform-provider-opensearch/provider/util.go:196.41,197.63 1 1
github.com/opensearch-project/terraform-provider-opensearch/provider/util.go:197.63,198.51 1 1
github.com/opensearch-project/terraform-provider-opensearch/provider/util.go:198.51,199.65 1 1
github.com/opensearch-project/terraform-provider-opensearch/provider/util.go:199.65,201.6 1 1
github.com/opensearch-project/terraform-provider-opensearch/provider/util.go:207.86,209.22 2 1
github.com/opensearch-project/terraform-provider-opensearch/provider/util.go:209.22,211.38 2 1
github.com/opensearch-project/terraform-provider-opensearch/provider/util.go:211.38,214.4 2 1
github.com/opensearch-project/terraform-provider-opensearch/provider/util.go:217.2,217.10 1 1
github.com/opensearch-project/terraform-provider-opensearch/provider/util.go:220.54,222.57 1 1
github.com/opensearch-project/terraform-provider-opensearch/provider/util.go:222.57,223.29 1 1
github.com/opensearch-project/terraform-provider-opensearch/provider/util.go:223.29,224.52 1 1
github.com/opensearch-project/terraform-provider-opensearch/provider/util.go:224.52,226.66 1 1
github.com/opensearch-project/terraform-provider-opensearch/provider/util.go:226.66,229.77 2 1
github.com/opensearch-project/terraform-provider-opensearch/provider/util.go:229.77,231.7 1 0
github.com/opensearch-project/terraform-provider-opensearch/provider/util.go:232.6,232.93 1 1
github.com/opensearch-project/terraform-provider-opensearch/provider/util.go:232.93,234.7 1 0
github.com/opensearch-project/terraform-provider-opensearch/provider/util.go:235.6,235.78 1 1
github.com/opensearch-project/terraform-provider-opensearch/provider/util.go:235.78,237.7 1 0
github.com/opensearch-project/terraform-provider-opensearch/provider/util.go:238.6,238.19 1 1
github.com/opensearch-project/terraform-provider-opensearch/provider/util.go:238.19,240.7 1 1
github.com/opensearch-project/terraform-provider-opensearch/provider/util.go:243.5,243.72 1 1
github.com/opensearch-project/terraform-provider-opensearch/provider/util.go:243.72,245.6 1 1
github.com/opensearch-project/terraform-provider-opensearch/provider/util.go:247.5,247.38 1 1
github.com/opensearch-project/terraform-provider-opensearch/provider/util.go:247.39,249.6 0 1
github.com/opensearch-project/terraform-provider-opensearch/provider/util.go:255.60,261.73 4 1
github.com/opensearch-project/terraform-provider-opensearch/provider/util.go:261.73,263.3 1 1
github.com/opensearch-project/terraform-provider-opensearch/provider/util.go:266.2,275.67 8 1
github.com/opensearch-project/terraform-provider-opensearch/provider/util.go:275.67,276.30 1 1
github.com/opensearch-project/terraform-provider-opensearch/provider/util.go:276.30,277.53 1 1
github.com/opensearch-project/terraform-provider-opensearch/provider/util.go:277.53,279.5 1 1
github.com/opensearch-project/terraform-provider-opensearch/provider/util.go:284.66,286.22 2 1
github.com/opensearch-project/terraform-provider-opensearch/provider/util.go:286.22,287.47 1 1
github.com/opensearch-project/terraform-provider-opensearch/provider/util.go:287.47,289.27 2 1
github.com/opensearch-project/terraform-provider-opensearch/provider/util.go:289.27,291.5 1 1
github.com/opensearch-project/terraform-provider-opensearch/provider/util.go:292.9,294.4 1 1
github.com/opensearch-project/terraform-provider-opensearch/provider/util.go:297.2,297.10 1 1
github.com/opensearch-project/terraform-provider-opensearch/provider/util.go:300.51,302.29 2 1
github.com/opensearch-project/terraform-provider-opensearch/provider/util.go:302.29,304.3 1 1
github.com/opensearch-project/terraform-provider-opensearch/provider/util.go:305.2,305.15 1 1
github.com/opensearch-project/terraform-provider-opensearch/provider/util.go:308.48,309.22 1 1
github.com/opensearch-project/terraform-provider-opensearch/provider/util.go:309.22,310.13 1 1
github.com/opensearch-project/terraform-provider-opensearch/provider/util.go:310.13,312.4 1 1
github.com/opensearch-project/terraform-provider-opensearch/provider/util.go:314.2,314.14 1 1
github.com/opensearch-project/terraform-provider-opensearch/provider/util.go:317.53,319.66 2 1
github.com/opensearch-project/terraform-provider-opensearch/provider/util.go:319.66,321.3 1 1
github.com/opensearch-project/terraform-provider-opensearch/provider/util.go:322.2,322.66 1 1
github.com/opensearch-project/terraform-provider-opensearch/provider/util.go:322.66,324.3 1 0
github.com/opensearch-project/terraform-provider-opensearch/provider/util.go:325.2,325.54 1 1
github.com/opensearch-project/terraform-provider-opensearch/provider/util.go:330.62,332.35 2 1
github.com/opensearch-project/terraform-provider-opensearch/provider/util.go:332.35,334.22 2 1
github.com/opensearch-project/terraform-provider-opensearch/provider/util.go:334.22,336.4 1 1
github.com/opensearch-project/terraform-provider-opensearch/provider/util.go:338.2,338.11 1 1
github.com/opensearch-project/terraform-provider-opensearch/provider/util.go:341.53,343.25 2 1
github.com/opensearch-project/terraform-provider-opensearch/provider/util.go:343.25,345.3 1 1
github.com/opensearch-project/terraform-provider-opensearch/provider/util.go:346.2,346.11 1 1
github.com/opensearch-project/terraform-provider-opensearch/provider/util.go:349.50,351.2 1 1
github.com/opensearch-project/terraform-provider-opensearch/provider/util.go:353.66,355.2 1 1
github.com/opensearch-project/terraform-provider-opensearch/provider/util.go:362.66,363.19 1 1
github.com/opensearch-project/terraform-provider-opensearch/provider/util.go:363.19,365.3 1 0
github.com/opensearch-project/terraform-provider-opensearch/provider/util.go:366.2,366.31 1 1
github.com/opensearch-project/terraform-provider-opensearch/provider/util.go:369.111,371.41 2 1
github.com/opensearch-project/terraform-provider-opensearch/provider/util.go:371.41,374.40 2 1
github.com/opensearch-project/terraform-provider-opensearch/provider/util.go:374.40,376.4 1 1
github.com/opensearch-project/terraform-provider-opensearch/provider/util.go:377.3,377.48 1 1
github.com/opensearch-project/terraform-provider-opensearch/provider/util.go:377.48,379.4 1 0
github.com/opensearch-project/terraform-provider-opensearch/provider/util.go:381.3,381.45 1 1
github.com/opensearch-project/terraform-provider-opensearch/provider/util.go:381.45,383.4 1 1
github.com/opensearch-project/terraform-provider-opensearch/provider/util.go:385.3,385.39 1 1
github.com/opensearch-project/terraform-provider-opensearch/provider/util.go:385.39,387.4 1 0
github.com/opensearch-project/terraform-provider-opensearch/provider/util.go:388.3,388.41 1 1
github.com/opensearch-project/terraform-provider-opensearch/provider/util.go:388.41,390.4 1 1
github.com/opensearch-project/terraform-provider-opensearch/provider/util.go:392.3,392.29 1 1
github.com/opensearch-project/terraform-provider-opensearch/provider/util.go:395.2,395.15 1 1
github.com/opensearch-project/terraform-provider-opensearch/provider/util.go:398.90,400.38 2 1
github.com/opensearch-project/terraform-provider-opensearch/provider/util.go:400.38,402.10 2 1
github.com/opensearch-project/terraform-provider-opensearch/provider/util.go:402.10,404.4 1 0
github.com/opensearch-project/terraform-provider-opensearch/provider/util.go:406.3,416.29 4 1
github.com/opensearch-project/terraform-provider-opensearch/provider/util.go:418.2,418.19 1 1
github.com/opensearch-project/terraform-provider-opensearch/provider/util.go:421.89,423.41 2 1
github.com/opensearch-project/terraform-provider-opensearch/provider/util.go:423.41,426.41 2 1
github.com/opensearch-project/terraform-provider-opensearch/provider/util.go:426.41,428.4 1 1
github.com/opensearch-project/terraform-provider-opensearch/provider/util.go:429.3,429.41 1 1
github.com/opensearch-project/terraform-provider-opensearch/provider/util.go:429.41,431.4 1 1
github.com/opensearch-project/terraform-provider-opensearch/provider/util.go:433.3,433.29 1 1
github.com/opensearch-project/terraform-provider-opensearch/provider/util.go:436.2,436.15 1 1
github.com/opensearch-project/terraform-provider-opensearch/provider/util.go:439.92,441.38 2 1
github.com/opensearch-project/terraform-provider-opensearch/provider/util.go:441.38,443.10 2 1
github.com/opensearch-project/terraform-provider-opensearch/provider/util.go:443.10,445.4 1 0
github.com/opensearch-project/terraform-provider-opensearch/provider/util.go:446.3,450.29 2 1
github.com/opensearch-project/terraform-provider-opensearch/provider/util.go:452.2,452.19 1 1
github.com/opensearch-project/terraform-provider-opensearch/provider/util.go:455.43,457.2 1 1
github.com/opensearch-project/terraform-provider-opensearch/provider/util.go:459.46,465.38 3 1
github.com/opensearch-project/terraform-provider-opensearch/provider/util.go:465.38,468.26 3 1
github.com/opensearch-project/terraform-provider-opensearch/provider/util.go:468.26,470.4 1 1
github.com/opensearch-project/terraform-provider-opensearch/provider/util.go:471.3,473.23 2 1
github.com/opensearch-project/terraform-provider-opensearch/provider/util.go:473.23,475.4 1 1
github.com/opensearch-project/terraform-provider-opensearch/provider/util.go:478.2,478.47 1 1
github.com/opensearch-project/terraform-provider-opensearch/provider/util.go:478.47,480.3 1 1
github.com/opensearch-project/terraform-provider-opensearch/provider/util.go:482.2,482.27 1 1
github.com/opensearch-project/terraform-provider-opensearch/provider/util.go:482.27,485.26 3 0
github.com/opensearch-project/terraform-provider-opensearch/provider/util.go:485.26,487.4 1 0
github.com/opensearch-project/terraform-provider-opensearch/provider/util.go:488.3,490.23 2 0
github.com/opensearch-project/terraform-provider-opensearch/provider/util.go:490.23,492.4 1 0
github.com/opensearch-project/terraform-provider-opensearch/provider/util.go:495.2,495.44 1 1
github.com/opensearch-project/terraform-provider-opensearch/provider/util.go:495.44,498.26 3 1
github.com/opensearch-project/terraform-provider-opensearch/provider/util.go:498.26,500.4 1 1
github.com/opensearch-project/terraform-provider-opensearch/provider/util.go:501.3,503.23 2 1
github.com/opensearch-project/terraform-provider-opensearch/provider/util.go:503.23,505.4 1 1
github.com/opensearch-project/terraform-provider-opensearch/provider/util.go:507.2,507.37 1 1
github.com/opensearch-project/terraform-provider-opensearch/provider/util.go:507.37,510.26 3 1
github.com/opensearch-project/terraform-provider-opensearch/provider/util.go:510.26,512.4 1 0
github.com/opensearch-project/terraform-provider-opensearch/provider/util.go:513.3,515.23 2 1
github.com/opensearch-project/terraform-provider-opensearch/provider/util.go:515.23,517.4 1 0
github.com/opensearch-project/terraform-provider-opensearch/provider/util.go:519.2,519.39 1 1
github.com/opensearch-project/terraform-provider-opensearch/provider/util.go:519.39,522.26 3 1
github.com/opensearch-project/terraform-provider-opensearch/provider/util.go:522.26,524.4 1 1
github.com/opensearch-project/terraform-provider-opensearch/provider/util.go:525.3,527.23 2 1
github.com/opensearch-project/terraform-provider-opensearch/provider/util.go:527.23,529.4 1 1
github.com/opensearch-project/terraform-provider-opensearch/provider/util.go:532.2,532.31 1 1
github.com/opensearch-project/terraform-provider-opensearch/provider/util.go:535.47,541.39 3 1
github.com/opensearch-project/terraform-provider-opensearch/provider/util.go:541.39,544.26 3 1
github.com/opensearch-project/terraform-provider-opensearch/provider/util.go:544.26,546.4 1 1
github.com/opensearch-project/terraform-provider-opensearch/provider/util.go:547.3,549.23 2 1
github.com/opensearch-project/terraform-provider-opensearch/provider/util.go:549.23,551.4 1 1
github.com/opensearch-project/terraform-provider-opensearch/provider/util.go:553.2,553.39 1 1
github.com/opensearch-project/terraform-provider-opensearch/provider/util.go:553.39,556.26 3 1
github.com/opensearch-project/terraform-provider-opensearch/provider/util.go:556.26,558.4 1 1
github.com/opensearch-project/terraform-provider-opensearch/provider/util.go:559.3,561.23 2 1
github.com/opensearch-project/terraform-provider-opensearch/provider/util.go:561.23,563.4 1 1
github.com/opensearch-project/terraform-provider-opensearch/provider/util.go:566.2,566.31 1 1
github.com/opensearch-project/terraform-provider-opensearch/provider/util.go:574.29,576.12 2 1
github.com/opensearch-project/terraform-provider-opensearch/provider/util.go:576.12,578.3 1 1
github.com/opensearch-project/terraform-provider-opensearch/provider/util.go:579.2,579.13 1 0
github.com/opensearch-project/terraform-provider-opensearch/provider/util.go:579.13,581.3 1 0
github.com/opensearch-project/terraform-provider-opensearch/provider/util.go:583.2,583.10 1 0
github.com/opensearch-project/terraform-provider-opensearch/provider/util.go:592.58,593.19 1 0
github.com/opensearch-project/terraform-provider-opensearch/provider/util.go:593.19,595.3 1 0
github.com/opensearch-project/terraform-provider-opensearch/provider/util.go:597.2,598.20 2 0
github.com/opensearch-project/terraform-provider-opensearch/provider/util.go:598.20,601.17 3 0
github.com/opensearch-project/terraform-provider-opensearch/provider/util.go:601.17,603.4 1 0
github.com/opensearch-project/terraform-provider-opensearch/provider/util.go:606.2,606.41 1 0
github.com/opensearch-project/terraform-provider-opensearch/provider/util.go:606.41,608.17 2 0
github.com/opensearch-project/terraform-provider-opensearch/provider/util.go:608.17,610.4 1 0
github.com/opensearch-project/terraform-provider-opensearch/provider/util.go:611.3,611.37 1 0
github.com/opensearch-project/terraform-provider-opensearch/provider/util.go:614.2,614.24 1 0
